File,Function,LOC,SLOC-P,SLOC-L,MVG,BLOC,C&SLOC,CLOC,CWORD
C:\Users\Obie\Documents\Visual Studio 2017\Projects\Design Tests\Design Tests\Animation.cpp,"Animation::Animation(bool loop, float speed, int directionCount)",2,2,2,0,0,0,0,0,
C:\Users\Obie\Documents\Visual Studio 2017\Projects\Design Tests\Design Tests\Animation.cpp,Animation::~Animation(),1,1,1,0,0,0,0,0,
C:\Users\Obie\Documents\Visual Studio 2017\Projects\Design Tests\Design Tests\Animation.cpp,"Animation::addFrame(int direction, SDL_Rect frame)",5,5,3,1,0,0,0,0,
C:\Users\Obie\Documents\Visual Studio 2017\Projects\Design Tests\Design Tests\Animation.cpp,Animation::frameCount(int direction),9,7,5,2,2,0,0,0,
C:\Users\Obie\Documents\Visual Studio 2017\Projects\Design Tests\Design Tests\Animation.cpp,"Animation::getFrame(int direction, int frameIndex)",12,10,6,3,2,0,0,0,
C:\Users\Obie\Documents\Visual Studio 2017\Projects\Design Tests\Design Tests\AnimationComponent.cpp,AnimationComponent::AnimationComponent(),2,1,1,0,1,0,0,0,
C:\Users\Obie\Documents\Visual Studio 2017\Projects\Design Tests\Design Tests\AnimationComponent.cpp,AnimationComponent::~AnimationComponent(),2,1,1,0,1,0,0,0,
C:\Users\Obie\Documents\Visual Studio 2017\Projects\Design Tests\Design Tests\AnimationComponent.cpp,AnimationComponent::update(),33,31,15,5,2,0,0,0,
C:\Users\Obie\Documents\Visual Studio 2017\Projects\Design Tests\Design Tests\AnimationComponent.cpp,AnimationComponent::currentAnimation(),2,2,2,1,0,0,0,0,
C:\Users\Obie\Documents\Visual Studio 2017\Projects\Design Tests\Design Tests\AnimationComponent.cpp,AnimationComponent::currentFrame(),19,15,9,4,4,0,0,0,
C:\Users\Obie\Documents\Visual Studio 2017\Projects\Design Tests\Design Tests\AnimationComponent.cpp,AnimationComponent::currentSpeed(),14,11,7,3,3,0,0,0,
C:\Users\Obie\Documents\Visual Studio 2017\Projects\Design Tests\Design Tests\AnimationComponent.cpp,AnimationComponent::currentLoop(),14,11,7,3,3,0,0,0,
C:\Users\Obie\Documents\Visual Studio 2017\Projects\Design Tests\Design Tests\AnimationComponent.cpp,AnimationComponent::currentFrameIndex(),2,2,2,1,0,0,0,0,
C:\Users\Obie\Documents\Visual Studio 2017\Projects\Design Tests\Design Tests\AnimationComponent.cpp,AnimationComponent::currentAnimationLength(),14,11,7,3,3,0,0,0,
C:\Users\Obie\Documents\Visual Studio 2017\Projects\Design Tests\Design Tests\AnimationComponent.cpp,AnimationComponent::animationLength(std::string name),14,11,7,3,3,0,0,0,
C:\Users\Obie\Documents\Visual Studio 2017\Projects\Design Tests\Design Tests\AnimationComponent.cpp,"AnimationComponent::addAnimation(std::string name, bool loop, float speed, int directionCount)",11,9,5,2,1,0,1,10,
C:\Users\Obie\Documents\Visual Studio 2017\Projects\Design Tests\Design Tests\AnimationComponent.cpp,"AnimationComponent::addFrame(std::string name, Direction direction, SDL_Rect frame)",14,12,6,3,1,0,1,7,
C:\Users\Obie\Documents\Visual Studio 2017\Projects\Design Tests\Design Tests\AnimationComponent.cpp,AnimationComponent::setAnimation(std::string name),15,13,7,3,2,0,0,0,
C:\Users\Obie\Documents\Visual Studio 2017\Projects\Design Tests\Design Tests\AnimationComponent.cpp,AnimationComponent::setCurrentDirection(Direction direction),2,2,2,0,0,0,0,0,
C:\Users\Obie\Documents\Visual Studio 2017\Projects\Design Tests\Design Tests\AnimationComponent.cpp,AnimationComponent::setCurrentFrame(float frame),2,2,2,0,0,0,0,0,
C:\Users\Obie\Documents\Visual Studio 2017\Projects\Design Tests\Design Tests\AnimationComponent.cpp,AnimationComponent::setCurrentSpeed(float speed),10,9,5,2,1,0,0,0,
C:\Users\Obie\Documents\Visual Studio 2017\Projects\Design Tests\Design Tests\AnimationComponent.cpp,"AnimationComponent::setAnimationSpeed(std::string name, float speed)",10,9,5,2,1,0,0,0,
C:\Users\Obie\Documents\Visual Studio 2017\Projects\Design Tests\Design Tests\AnimationComponent.cpp,AnimationComponent::resetIndex(),2,2,2,0,0,0,0,0,
C:\Users\Obie\Documents\Visual Studio 2017\Projects\Design Tests\Design Tests\Camera2D.cpp,"Camera2D::Camera2D(SDL_Rect box, float xScale, float yScale)",8,6,6,0,2,0,0,0,
C:\Users\Obie\Documents\Visual Studio 2017\Projects\Design Tests\Design Tests\Camera2D.cpp,Camera2D::~Camera2D(),4,3,3,1,1,0,0,0,
C:\Users\Obie\Documents\Visual Studio 2017\Projects\Design Tests\Design Tests\Camera2D.cpp,Camera2D::setX(int x),4,3,3,0,1,0,0,0,
C:\Users\Obie\Documents\Visual Studio 2017\Projects\Design Tests\Design Tests\Camera2D.cpp,Camera2D::setY(int y),4,3,3,0,1,0,0,0,
C:\Users\Obie\Documents\Visual Studio 2017\Projects\Design Tests\Design Tests\Camera2D.cpp,"Camera2D::setCurrentScale(float xScale, float yScale)",10,9,5,2,1,0,0,0,
C:\Users\Obie\Documents\Visual Studio 2017\Projects\Design Tests\Design Tests\Camera2D.cpp,"Camera2D::setBoundingBoxSize(int width, int height)",3,3,3,0,0,0,0,0,
C:\Users\Obie\Documents\Visual Studio 2017\Projects\Design Tests\Design Tests\Card.cpp,"Card::Card(int entityID, CardType type, CardRarity rarity)",1,1,1,0,0,0,0,0,
C:\Users\Obie\Documents\Visual Studio 2017\Projects\Design Tests\Design Tests\Card.cpp,Card::~Card(),1,1,1,0,0,0,0,0,
C:\Users\Obie\Documents\Visual Studio 2017\Projects\Design Tests\Design Tests\Circle.cpp,Circle::Circle(),2,1,1,0,1,0,0,0,
C:\Users\Obie\Documents\Visual Studio 2017\Projects\Design Tests\Design Tests\Circle.cpp,"Circle::Circle(float centerX, float centerY, int radius)",2,1,1,0,1,0,0,0,
C:\Users\Obie\Documents\Visual Studio 2017\Projects\Design Tests\Design Tests\Circle.cpp,Circle::~Circle(),2,1,1,0,1,0,0,0,
C:\Users\Obie\Documents\Visual Studio 2017\Projects\Design Tests\Design Tests\CollisionComponent.cpp,CollisionComponent::CollisionComponent(pShape shape),2,1,1,0,1,0,0,0,
C:\Users\Obie\Documents\Visual Studio 2017\Projects\Design Tests\Design Tests\CollisionComponent.cpp,CollisionComponent::~CollisionComponent(),2,2,2,0,0,0,0,0,
C:\Users\Obie\Documents\Visual Studio 2017\Projects\Design Tests\Design Tests\CollisionSystem.cpp,"CollisionSystem::CollisionSystem(int gridX, int gridY, int width, int height, int cellSize)",2,2,2,0,0,0,0,0,
C:\Users\Obie\Documents\Visual Studio 2017\Projects\Design Tests\Design Tests\CollisionSystem.cpp,CollisionSystem::~CollisionSystem(),2,2,2,0,0,0,0,0,
C:\Users\Obie\Documents\Visual Studio 2017\Projects\Design Tests\Design Tests\CollisionSystem.cpp,"CollisionSystem::collisionAtPoint(int ID, int x, int y)",41,30,18,5,8,0,3,21,
C:\Users\Obie\Documents\Visual Studio 2017\Projects\Design Tests\Design Tests\CollisionSystem.cpp,CollisionSystem::isColliding(int ID),167,121,95,27,30,0,16,128,
C:\Users\Obie\Documents\Visual Studio 2017\Projects\Design Tests\Design Tests\CollisionSystem.cpp,"CollisionSystem::hasLineOfSight(int entityID, int otherEntityID)",269,220,131,40,44,0,5,38,
C:\Users\Obie\Documents\Visual Studio 2017\Projects\Design Tests\Design Tests\CollisionSystem.cpp,"CollisionSystem::collisionOnLine(int entityID, Line line)",164,140,74,35,24,0,0,0,
C:\Users\Obie\Documents\Visual Studio 2017\Projects\Design Tests\Design Tests\CollisionSystem.cpp,"CollisionSystem::circleCollision(int ID, int radius)",105,77,59,16,20,0,8,70,
C:\Users\Obie\Documents\Visual Studio 2017\Projects\Design Tests\Design Tests\CollisionSystem.cpp,"CollisionSystem::squareCollision(int ID, int centerX, int centerY, int width, int height)",102,76,56,19,19,0,7,53,
C:\Users\Obie\Documents\Visual Studio 2017\Projects\Design Tests\Design Tests\CollisionSystem.cpp,CollisionSystem::getCollisionComponent(int ID),11,8,6,2,3,0,0,0,
C:\Users\Obie\Documents\Visual Studio 2017\Projects\Design Tests\Design Tests\CollisionSystem.cpp,"CollisionSystem::createCollisionComponent( int ID, Shape::ShapeType shape, float centerX, float centerY)",49,34,22,6,9,0,6,40,
C:\Users\Obie\Documents\Visual Studio 2017\Projects\Design Tests\Design Tests\CollisionSystem.cpp,"CollisionSystem::updatePosition(int ID, float movedX, float movedY)",18,11,10,1,4,0,3,19,
C:\Users\Obie\Documents\Visual Studio 2017\Projects\Design Tests\Design Tests\CollisionSystem.cpp,CollisionSystem::processMessage(IMessage *message),12,10,6,2,2,0,0,0,
C:\Users\Obie\Documents\Visual Studio 2017\Projects\Design Tests\Design Tests\CollisionSystem.cpp,"CollisionSystem::collisionInCell(int ID, int x, int y)",40,30,18,7,7,0,3,17,
C:\Users\Obie\Documents\Visual Studio 2017\Projects\Design Tests\Design Tests\CollisionSystem.cpp,"CollisionSystem::handleCollision(pShape shapeA, pShape shapeB)",40,31,19,4,9,0,0,0,
C:\Users\Obie\Documents\Visual Studio 2017\Projects\Design Tests\Design Tests\CollisionSystem.cpp,"CollisionSystem::handleCollision(Line line, pShape shape)",26,21,13,5,5,0,0,0,
C:\Users\Obie\Documents\Visual Studio 2017\Projects\Design Tests\Design Tests\CollisionSystem.cpp,"CollisionSystem::circleInsideCircle(pCircle a, pCircle b)",25,17,17,2,8,0,0,0,
C:\Users\Obie\Documents\Visual Studio 2017\Projects\Design Tests\Design Tests\CollisionSystem.cpp,"CollisionSystem::circleInsideRectangle(pCircle a, pRectangle b)",50,32,32,4,14,0,4,26,
C:\Users\Obie\Documents\Visual Studio 2017\Projects\Design Tests\Design Tests\CollisionSystem.cpp,"CollisionSystem::rectInsideRect(pRectangle a, pRectangle b)",111,84,69,12,18,0,9,70,
C:\Users\Obie\Documents\Visual Studio 2017\Projects\Design Tests\Design Tests\CollisionSystem.cpp,"CollisionSystem::pointInsideCircle(pCircle circle, int x, int y)",18,12,11,2,5,0,1,6,
C:\Users\Obie\Documents\Visual Studio 2017\Projects\Design Tests\Design Tests\CollisionSystem.cpp,"CollisionSystem::pointInsideRect(pRectangle rect, int x, int y)",35,26,19,3,6,0,3,36,
C:\Users\Obie\Documents\Visual Studio 2017\Projects\Design Tests\Design Tests\CollisionSystem.cpp,"CollisionSystem::lineInsideCircle(Line line, pCircle circle)",38,28,24,3,10,0,0,0,
C:\Users\Obie\Documents\Visual Studio 2017\Projects\Design Tests\Design Tests\CollisionSystem.cpp,"CollisionSystem::lineInsideRect(Line line, pRectangle rect)",21,17,14,3,3,0,1,10,
C:\Users\Obie\Documents\Visual Studio 2017\Projects\Design Tests\Design Tests\CollisionSystem.cpp,"CollisionSystem::sendCollisionMessage(int entityID, int collidingEntityID, Vector2D position)",4,3,3,0,1,0,0,0,
C:\Users\Obie\Documents\Visual Studio 2017\Projects\Design Tests\Design Tests\CollisionSystem.cpp,CollisionSystem::removeCollisionComponent(int entityID),13,10,8,1,3,0,0,0,
C:\Users\Obie\Documents\Visual Studio 2017\Projects\Design Tests\Design Tests\CollisionSystem.cpp,CollisionSystem::cleanup(),17,13,9,2,4,0,0,0,
C:\Users\Obie\Documents\Visual Studio 2017\Projects\Design Tests\Design Tests\Component.cpp,Component::Component(componentID ID),2,1,1,0,1,0,0,0,
C:\Users\Obie\Documents\Visual Studio 2017\Projects\Design Tests\Design Tests\Component.cpp,Component::~Component(),2,1,1,0,1,0,0,0,
C:\Users\Obie\Documents\Visual Studio 2017\Projects\Design Tests\Design Tests\Controller.cpp,"Controller::Controller(int controllerID, bool hapticEnabled)",3,3,3,1,0,0,0,0,
C:\Users\Obie\Documents\Visual Studio 2017\Projects\Design Tests\Design Tests\Controller.cpp,Controller::~Controller(),2,2,2,0,0,0,0,0,
C:\Users\Obie\Documents\Visual Studio 2017\Projects\Design Tests\Design Tests\Controller.cpp,Controller::pressButton(Button button),2,2,2,0,0,0,0,0,
C:\Users\Obie\Documents\Visual Studio 2017\Projects\Design Tests\Design Tests\Controller.cpp,Controller::releaseButton(Button button),2,2,2,0,0,0,0,0,
C:\Users\Obie\Documents\Visual Studio 2017\Projects\Design Tests\Design Tests\Controller.cpp,Controller::moveLeftAxisX(Sint16 movement),25,21,13,3,4,0,0,0,
C:\Users\Obie\Documents\Visual Studio 2017\Projects\Design Tests\Design Tests\Controller.cpp,Controller::moveLeftAxisY(Sint16 movement),25,21,13,3,4,0,0,0,
C:\Users\Obie\Documents\Visual Studio 2017\Projects\Design Tests\Design Tests\Controller.cpp,Controller::moveRightAxisX(Sint16 movement),25,21,13,3,4,0,0,0,
C:\Users\Obie\Documents\Visual Studio 2017\Projects\Design Tests\Design Tests\Controller.cpp,Controller::moveRightAxisY(Sint16 movement),25,21,13,3,4,0,0,0,
C:\Users\Obie\Documents\Visual Studio 2017\Projects\Design Tests\Design Tests\Controller.cpp,Controller::moveLeftTriggerAxis(Sint16 movement),9,6,6,0,3,0,0,0,
C:\Users\Obie\Documents\Visual Studio 2017\Projects\Design Tests\Design Tests\Controller.cpp,Controller::moveRightTriggerAxis(Sint16 movement),9,6,6,0,3,0,0,0,
C:\Users\Obie\Documents\Visual Studio 2017\Projects\Design Tests\Design Tests\Controller.cpp,"Controller::triggerHaptic(float strength, Uint32 length)",5,5,3,1,0,0,0,0,
C:\Users\Obie\Documents\Visual Studio 2017\Projects\Design Tests\Design Tests\Controller.cpp,Controller::buttonPressed(Button button),9,7,5,3,2,0,0,0,
C:\Users\Obie\Documents\Visual Studio 2017\Projects\Design Tests\Design Tests\Controller.cpp,Controller::toggleHapticOnOff(),3,3,3,1,0,0,0,0,
C:\Users\Obie\Documents\Visual Studio 2017\Projects\Design Tests\Design Tests\Controller.cpp,Controller::open(),7,6,4,1,1,0,0,0,
C:\Users\Obie\Documents\Visual Studio 2017\Projects\Design Tests\Design Tests\Controller.cpp,Controller::enableHaptic(),12,10,6,2,2,0,0,0,
C:\Users\Obie\Documents\Visual Studio 2017\Projects\Design Tests\Design Tests\Controller.cpp,Controller::disableHaptic(),7,6,4,1,1,0,0,0,
C:\Users\Obie\Documents\Visual Studio 2017\Projects\Design Tests\Design Tests\Controller.cpp,Controller::close(),8,7,5,2,1,0,0,0,
C:\Users\Obie\Documents\Visual Studio 2017\Projects\Design Tests\Design Tests\Deck.cpp,Deck::Deck(),1,1,1,0,0,0,0,0,
C:\Users\Obie\Documents\Visual Studio 2017\Projects\Design Tests\Design Tests\Deck.cpp,Deck::~Deck(),5,5,3,1,0,0,0,0,
C:\Users\Obie\Documents\Visual Studio 2017\Projects\Design Tests\Design Tests\Deck.cpp,Deck::shuffle(),19,14,10,2,5,0,0,0,
C:\Users\Obie\Documents\Visual Studio 2017\Projects\Design Tests\Design Tests\Deck.cpp,Deck::sort(),29,26,14,5,3,0,0,0,
C:\Users\Obie\Documents\Visual Studio 2017\Projects\Design Tests\Design Tests\Deck.cpp,"Deck::addCard(Card::CardType type, Card::CardRarity rarity)",6,4,4,0,2,0,0,0,
C:\Users\Obie\Documents\Visual Studio 2017\Projects\Design Tests\Design Tests\Deck.cpp,Deck::getCard(int index),9,7,5,2,2,0,0,0,
C:\Users\Obie\Documents\Visual Studio 2017\Projects\Design Tests\Design Tests\Deck.cpp,Deck::outputCards(),62,57,33,12,5,0,0,0,
C:\Users\Obie\Documents\Visual Studio 2017\Projects\Design Tests\Design Tests\DoorLogicComponent.cpp,"DoorLogicComponent::DoorLogicComponent(int entityID, Door *door)",10,8,6,1,2,0,0,0,
C:\Users\Obie\Documents\Visual Studio 2017\Projects\Design Tests\Design Tests\DoorLogicComponent.cpp,DoorLogicComponent::~DoorLogicComponent(),2,2,2,0,0,0,0,0,
C:\Users\Obie\Documents\Visual Studio 2017\Projects\Design Tests\Design Tests\DoorLogicComponent.cpp,DoorLogicComponent::update(),20,19,9,5,0,0,1,2,
C:\Users\Obie\Documents\Visual Studio 2017\Projects\Design Tests\Design Tests\DoorLogicComponent.cpp,DoorLogicComponent::processMessage(IMessage *message),43,36,17,9,4,0,3,19,
C:\Users\Obie\Documents\Visual Studio 2017\Projects\Design Tests\Design Tests\DoorLogicComponent.cpp,DoorLogicComponent::setDoor(Door *door),5,5,3,1,0,0,0,0,
C:\Users\Obie\Documents\Visual Studio 2017\Projects\Design Tests\Design Tests\DoorLogicComponent.cpp,DoorLogicComponent::openDoor(),25,18,12,3,7,0,0,0,
C:\Users\Obie\Documents\Visual Studio 2017\Projects\Design Tests\Design Tests\EnemyAttackState.cpp,"EnemyAttackState::EnemyAttackState(int entityID, float weight)",2,1,1,0,1,0,0,0,
C:\Users\Obie\Documents\Visual Studio 2017\Projects\Design Tests\Design Tests\EnemyAttackState.cpp,EnemyAttackState::~EnemyAttackState(),2,1,1,0,1,0,0,0,
C:\Users\Obie\Documents\Visual Studio 2017\Projects\Design Tests\Design Tests\EnemyAttackState.cpp,"EnemyAttackState::canEnter(int targetID, Behavior behavior)",151,115,71,26,34,0,2,10,
C:\Users\Obie\Documents\Visual Studio 2017\Projects\Design Tests\Design Tests\EnemyAttackState.cpp,EnemyAttackState::canExit(),14,11,7,3,3,0,0,0,
C:\Users\Obie\Documents\Visual Studio 2017\Projects\Design Tests\Design Tests\EnemyAttackState.cpp,EnemyAttackState::enter(),4,4,4,0,0,0,0,0,
C:\Users\Obie\Documents\Visual Studio 2017\Projects\Design Tests\Design Tests\EnemyAttackState.cpp,EnemyAttackState::update(),33,25,19,3,8,0,0,0,
C:\Users\Obie\Documents\Visual Studio 2017\Projects\Design Tests\Design Tests\EnemyAttackState.cpp,EnemyAttackState::exit(),11,9,7,1,2,0,0,0,
C:\Users\Obie\Documents\Visual Studio 2017\Projects\Design Tests\Design Tests\EnemyIdleState.cpp,"EnemyIdleState::EnemyIdleState(int entityID, float weight)",1,1,1,0,0,0,0,0,
C:\Users\Obie\Documents\Visual Studio 2017\Projects\Design Tests\Design Tests\EnemyIdleState.cpp,EnemyIdleState::~EnemyIdleState(),1,1,1,0,0,0,0,0,
C:\Users\Obie\Documents\Visual Studio 2017\Projects\Design Tests\Design Tests\EnemyIdleState.cpp,"EnemyIdleState::canEnter(int targetID, Behavior behavior)",27,20,14,4,6,0,1,5,
C:\Users\Obie\Documents\Visual Studio 2017\Projects\Design Tests\Design Tests\EnemyIdleState.cpp,EnemyIdleState::canExit(),2,2,2,1,0,0,0,0,
C:\Users\Obie\Documents\Visual Studio 2017\Projects\Design Tests\Design Tests\EnemyIdleState.cpp,EnemyIdleState::enter(),2,2,2,0,0,0,0,0,
C:\Users\Obie\Documents\Visual Studio 2017\Projects\Design Tests\Design Tests\EnemyIdleState.cpp,EnemyIdleState::update(),2,1,1,0,0,0,1,5,
C:\Users\Obie\Documents\Visual Studio 2017\Projects\Design Tests\Design Tests\EnemyIdleState.cpp,EnemyIdleState::exit(),2,2,2,0,0,0,0,0,
C:\Users\Obie\Documents\Visual Studio 2017\Projects\Design Tests\Design Tests\EnemyLogicComponent.cpp,EnemyLogicComponent::EnemyLogicComponent(int entityID),2,1,1,0,1,0,0,0,
C:\Users\Obie\Documents\Visual Studio 2017\Projects\Design Tests\Design Tests\EnemyLogicComponent.cpp,EnemyLogicComponent::~EnemyLogicComponent(),2,1,1,0,1,0,0,0,
C:\Users\Obie\Documents\Visual Studio 2017\Projects\Design Tests\Design Tests\EnemyLogicComponent.cpp,"EnemyLogicComponent::addState(std::string stateName, IState *state)",2,2,2,0,0,0,0,0,
C:\Users\Obie\Documents\Visual Studio 2017\Projects\Design Tests\Design Tests\EnemyLogicComponent.cpp,"EnemyLogicComponent::addState(std::string stateName, IState *state, float weight)",20,19,11,2,1,0,0,0,
C:\Users\Obie\Documents\Visual Studio 2017\Projects\Design Tests\Design Tests\EnemyLogicComponent.cpp,EnemyLogicComponent::setBehavior(EnemyState::Behavior behavior),2,2,2,0,0,0,0,0,
C:\Users\Obie\Documents\Visual Studio 2017\Projects\Design Tests\Design Tests\EnemyLogicComponent.cpp,EnemyLogicComponent::removeState(std::string stateName),11,10,6,2,1,0,0,0,
C:\Users\Obie\Documents\Visual Studio 2017\Projects\Design Tests\Design Tests\EnemyLogicComponent.cpp,EnemyLogicComponent::getState(std::string stateName),14,11,7,3,3,0,0,0,
C:\Users\Obie\Documents\Visual Studio 2017\Projects\Design Tests\Design Tests\EnemyLogicComponent.cpp,EnemyLogicComponent::currentState(),2,2,2,1,0,0,0,0,
C:\Users\Obie\Documents\Visual Studio 2017\Projects\Design Tests\Design Tests\EnemyLogicComponent.cpp,EnemyLogicComponent::changeState(std::string stateName),11,10,6,2,1,0,0,0,
C:\Users\Obie\Documents\Visual Studio 2017\Projects\Design Tests\Design Tests\EnemyLogicComponent.cpp,EnemyLogicComponent::update(),97,80,48,13,17,0,0,0,
C:\Users\Obie\Documents\Visual Studio 2017\Projects\Design Tests\Design Tests\EnemyLogicComponent.cpp,EnemyLogicComponent::processMessage(IMessage *message),8,8,4,2,0,0,0,0,
C:\Users\Obie\Documents\Visual Studio 2017\Projects\Design Tests\Design Tests\EnemyLogicComponent.cpp,EnemyLogicComponent::cleanUp(),13,11,7,2,2,0,0,0,
C:\Users\Obie\Documents\Visual Studio 2017\Projects\Design Tests\Design Tests\EnemyLogicComponent.cpp,EnemyLogicComponent::sortStatesByValue(),2,1,1,0,0,0,1,5,
C:\Users\Obie\Documents\Visual Studio 2017\Projects\Design Tests\Design Tests\EnemyState.cpp,"EnemyState::EnemyState(int entityID, float weight)",1,1,1,0,0,0,0,0,
C:\Users\Obie\Documents\Visual Studio 2017\Projects\Design Tests\Design Tests\EnemyState.cpp,EnemyState::~EnemyState(),1,1,1,0,0,0,0,0,
C:\Users\Obie\Documents\Visual Studio 2017\Projects\Design Tests\Design Tests\EnemyTargetState.cpp,"EnemyTargetState::EnemyTargetState(int entityID, float weight, bool lineOfSight, std::string targetType, int range)",2,1,1,0,1,0,0,0,
C:\Users\Obie\Documents\Visual Studio 2017\Projects\Design Tests\Design Tests\EnemyTargetState.cpp,EnemyTargetState::~EnemyTargetState(),2,1,1,0,1,0,0,0,
C:\Users\Obie\Documents\Visual Studio 2017\Projects\Design Tests\Design Tests\EnemyTargetState.cpp,"EnemyTargetState::canEnter(int targetID, Behavior behavior)",16,12,8,4,3,0,1,9,
C:\Users\Obie\Documents\Visual Studio 2017\Projects\Design Tests\Design Tests\EnemyTargetState.cpp,EnemyTargetState::canExit(),2,2,2,1,0,0,0,0,
C:\Users\Obie\Documents\Visual Studio 2017\Projects\Design Tests\Design Tests\EnemyTargetState.cpp,EnemyTargetState::enter(),2,1,1,0,1,0,0,0,
C:\Users\Obie\Documents\Visual Studio 2017\Projects\Design Tests\Design Tests\EnemyTargetState.cpp,EnemyTargetState::update(),106,96,48,18,10,0,0,0,
C:\Users\Obie\Documents\Visual Studio 2017\Projects\Design Tests\Design Tests\EnemyTargetState.cpp,EnemyTargetState::exit(),2,1,1,0,1,0,0,0,
C:\Users\Obie\Documents\Visual Studio 2017\Projects\Design Tests\Design Tests\EntitySystem.cpp,EntitySystem::~EntitySystem(),2,1,1,0,1,0,0,0,
C:\Users\Obie\Documents\Visual Studio 2017\Projects\Design Tests\Design Tests\EntitySystem.cpp,EntitySystem::initialize(std::string entityDataPath),13,12,8,2,1,0,0,0,
C:\Users\Obie\Documents\Visual Studio 2017\Projects\Design Tests\Design Tests\EntitySystem.cpp,EntitySystem::createEntity(entityKey key),40,30,18,8,9,0,1,8,
C:\Users\Obie\Documents\Visual Studio 2017\Projects\Design Tests\Design Tests\EntitySystem.cpp,"EntitySystem::createEntity(entityKey key, Vector2D position)",40,30,18,8,9,0,1,8,
C:\Users\Obie\Documents\Visual Studio 2017\Projects\Design Tests\Design Tests\EntitySystem.cpp,EntitySystem::createEntity(),10,8,6,2,2,0,0,0,
C:\Users\Obie\Documents\Visual Studio 2017\Projects\Design Tests\Design Tests\EntitySystem.cpp,EntitySystem::getEntityKey(int entityID),11,8,6,2,3,0,0,0,
C:\Users\Obie\Documents\Visual Studio 2017\Projects\Design Tests\Design Tests\EntitySystem.cpp,EntitySystem::entityType(int entityID),14,11,7,3,3,0,0,0,
C:\Users\Obie\Documents\Visual Studio 2017\Projects\Design Tests\Design Tests\EntitySystem.cpp,EntitySystem::entityAttack(entityKey key),11,8,6,2,3,0,0,0,
C:\Users\Obie\Documents\Visual Studio 2017\Projects\Design Tests\Design Tests\EntitySystem.cpp,EntitySystem::processMessage(IMessage *message),12,10,6,2,2,0,0,0,
C:\Users\Obie\Documents\Visual Studio 2017\Projects\Design Tests\Design Tests\EntitySystem.cpp,EntitySystem::findNextAvailableID(),36,29,19,6,7,0,0,0,
C:\Users\Obie\Documents\Visual Studio 2017\Projects\Design Tests\Design Tests\EntitySystem.cpp,"EntitySystem::loadComponents(int entityID, Vector2D position)",3,3,3,0,0,0,0,0,
C:\Users\Obie\Documents\Visual Studio 2017\Projects\Design Tests\Design Tests\EntitySystem.cpp,"EntitySystem::loadPhysicsComponents(int entityID, Vector2D position)",77,60,36,13,16,0,1,4,
C:\Users\Obie\Documents\Visual Studio 2017\Projects\Design Tests\Design Tests\EntitySystem.cpp,"EntitySystem::loadRenderComponents(int entityID, Vector2D position)",165,134,86,26,30,0,1,4,
C:\Users\Obie\Documents\Visual Studio 2017\Projects\Design Tests\Design Tests\EntitySystem.cpp,EntitySystem::loadAttackInfo(entityKey key),96,76,48,14,20,0,0,0,
C:\Users\Obie\Documents\Visual Studio 2017\Projects\Design Tests\Design Tests\EntitySystem.cpp,EntitySystem::loadEntityData(),24,19,13,3,5,0,0,0,
C:\Users\Obie\Documents\Visual Studio 2017\Projects\Design Tests\Design Tests\EntitySystem.cpp,EntitySystem::deleteEntity(int entityID),33,24,14,5,8,0,1,9,
C:\Users\Obie\Documents\Visual Studio 2017\Projects\Design Tests\Design Tests\ErrorSystem.cpp,ErrorSystem::ErrorSystem(),2,1,1,0,1,0,0,0,
C:\Users\Obie\Documents\Visual Studio 2017\Projects\Design Tests\Design Tests\ErrorSystem.cpp,ErrorSystem::~ErrorSystem(),2,1,1,0,1,0,0,0,
C:\Users\Obie\Documents\Visual Studio 2017\Projects\Design Tests\Design Tests\ErrorSystem.cpp,ErrorSystem::logError(const char *error),5,5,3,1,0,0,0,0,
C:\Users\Obie\Documents\Visual Studio 2017\Projects\Design Tests\Design Tests\Font.cpp,"Font::Font(string fontPath, int pointSize, FontFlags fontFlag, bool italic)",5,5,3,1,0,0,0,0,
C:\Users\Obie\Documents\Visual Studio 2017\Projects\Design Tests\Design Tests\Font.cpp,Font::~Font(),2,2,2,0,0,0,0,0,
C:\Users\Obie\Documents\Visual Studio 2017\Projects\Design Tests\Design Tests\Font.cpp,Font::isBold(),6,4,4,2,2,0,0,0,
C:\Users\Obie\Documents\Visual Studio 2017\Projects\Design Tests\Design Tests\Font.cpp,Font::isItalic(),2,2,2,1,0,0,0,0,
C:\Users\Obie\Documents\Visual Studio 2017\Projects\Design Tests\Design Tests\Font.cpp,Font::isGlyphProvided(Uint16 glyph),12,10,6,3,2,0,0,0,
C:\Users\Obie\Documents\Visual Studio 2017\Projects\Design Tests\Design Tests\Font.cpp,Font::getOutline(),9,7,5,2,2,0,0,0,
C:\Users\Obie\Documents\Visual Studio 2017\Projects\Design Tests\Design Tests\Font.cpp,Font::getHeight(),9,7,5,2,2,0,0,0,
C:\Users\Obie\Documents\Visual Studio 2017\Projects\Design Tests\Design Tests\Font.cpp,Font::getAscent(),9,7,5,2,2,0,0,0,
C:\Users\Obie\Documents\Visual Studio 2017\Projects\Design Tests\Design Tests\Font.cpp,Font::getDescent(),9,7,5,2,2,0,0,0,
C:\Users\Obie\Documents\Visual Studio 2017\Projects\Design Tests\Design Tests\Font.cpp,Font::getLineSkip(),9,7,5,2,2,0,0,0,
C:\Users\Obie\Documents\Visual Studio 2017\Projects\Design Tests\Design Tests\Font.cpp,"Font::getGlyphMetrics(Uint16 glyph, int *minX, int *minY, int *maxX, int *maxY, int *advance)",9,7,5,2,2,0,0,0,
C:\Users\Obie\Documents\Visual Studio 2017\Projects\Design Tests\Design Tests\Font.cpp,"Font::getTextSize(string text, int *width, int *height)",9,7,5,2,2,0,0,0,
C:\Users\Obie\Documents\Visual Studio 2017\Projects\Design Tests\Design Tests\Font.cpp,Font::setItalic(bool italic),11,9,5,2,1,0,1,4,
C:\Users\Obie\Documents\Visual Studio 2017\Projects\Design Tests\Design Tests\Font.cpp,Font::setFlag(FontFlags flag),10,9,5,2,1,0,0,0,
C:\Users\Obie\Documents\Visual Studio 2017\Projects\Design Tests\Design Tests\Font.cpp,Font::setPointSize(int pointSize),12,10,6,2,2,0,0,0,
C:\Users\Obie\Documents\Visual Studio 2017\Projects\Design Tests\Design Tests\Font.cpp,Font::createFont(),58,49,31,10,9,0,0,0,
C:\Users\Obie\Documents\Visual Studio 2017\Projects\Design Tests\Design Tests\Font.cpp,Font::closeFont(),5,5,3,1,0,0,0,0,
C:\Users\Obie\Documents\Visual Studio 2017\Projects\Design Tests\Design Tests\FontCache.cpp,FontCache::FontCache(Renderer *renderer),7,6,4,1,1,0,0,0,
C:\Users\Obie\Documents\Visual Studio 2017\Projects\Design Tests\Design Tests\FontCache.cpp,FontCache::~FontCache(),2,2,2,0,0,0,0,0,
C:\Users\Obie\Documents\Visual Studio 2017\Projects\Design Tests\Design Tests\FontCache.cpp,"FontCache::getFont(string fontPath, int pointSize, Font::FontFlags flag, bool italics)",22,18,12,3,4,0,0,0,
C:\Users\Obie\Documents\Visual Studio 2017\Projects\Design Tests\Design Tests\FontCache.cpp,FontCache::cleanUp(),16,12,8,2,4,0,0,0,
C:\Users\Obie\Documents\Visual Studio 2017\Projects\Design Tests\Design Tests\Game.cpp,Game::Game(),2,2,2,0,0,0,0,0,
C:\Users\Obie\Documents\Visual Studio 2017\Projects\Design Tests\Design Tests\Game.cpp,Game::~Game(),15,12,12,0,3,0,0,0,
C:\Users\Obie\Documents\Visual Studio 2017\Projects\Design Tests\Design Tests\Game.cpp,press(),2,2,2,0,0,0,0,0,
C:\Users\Obie\Documents\Visual Studio 2017\Projects\Design Tests\Design Tests\Game.cpp,release(),2,2,2,0,0,0,0,0,
C:\Users\Obie\Documents\Visual Studio 2017\Projects\Design Tests\Design Tests\Game.cpp,hold(),9,7,5,1,2,0,0,0,
C:\Users\Obie\Documents\Visual Studio 2017\Projects\Design Tests\Design Tests\Game.cpp,Game::init(std::string gamePath),99,73,61,6,26,0,0,0,
C:\Users\Obie\Documents\Visual Studio 2017\Projects\Design Tests\Design Tests\Game.cpp,Game::loop(),51,37,27,5,14,0,0,0,
C:\Users\Obie\Documents\Visual Studio 2017\Projects\Design Tests\Design Tests\Game.cpp,Game::processInput(),46,43,21,8,3,0,0,0,
C:\Users\Obie\Documents\Visual Studio 2017\Projects\Design Tests\Design Tests\Game.cpp,Game::processMessages(),17,16,10,3,1,0,0,0,
C:\Users\Obie\Documents\Visual Studio 2017\Projects\Design Tests\Design Tests\Game.cpp,Game::processLogic(float delta),5,5,3,1,0,0,0,0,
C:\Users\Obie\Documents\Visual Studio 2017\Projects\Design Tests\Design Tests\Game.cpp,Game::processPhysics(float delta),5,5,3,1,0,0,0,0,
C:\Users\Obie\Documents\Visual Studio 2017\Projects\Design Tests\Design Tests\Game.cpp,Game::clearRenderer(),5,5,3,1,0,0,0,0,
C:\Users\Obie\Documents\Visual Studio 2017\Projects\Design Tests\Design Tests\Game.cpp,Game::updateRenderer(float delta),5,5,3,1,0,0,0,0,
C:\Users\Obie\Documents\Visual Studio 2017\Projects\Design Tests\Design Tests\GameInitSystem.cpp,GameInitSystem::~GameInitSystem(),2,2,2,0,0,0,0,0,
C:\Users\Obie\Documents\Visual Studio 2017\Projects\Design Tests\Design Tests\GameInitSystem.cpp,GameInitSystem::initialize(std::string settingsFile),21,17,13,3,4,0,0,0,
C:\Users\Obie\Documents\Visual Studio 2017\Projects\Design Tests\Design Tests\GameInitSystem.cpp,GameInitSystem::loadWindow(),23,17,13,5,5,0,1,5,
C:\Users\Obie\Documents\Visual Studio 2017\Projects\Design Tests\Design Tests\GameInitSystem.cpp,GameInitSystem::loadVideo(),22,16,15,1,6,0,0,0,
C:\Users\Obie\Documents\Visual Studio 2017\Projects\Design Tests\Design Tests\GameInitSystem.cpp,GameInitSystem::loadPhysics(),10,7,7,0,3,0,0,0,
C:\Users\Obie\Documents\Visual Studio 2017\Projects\Design Tests\Design Tests\GameInitSystem.cpp,GameInitSystem::loadInput(),2,2,2,0,0,0,0,0,
C:\Users\Obie\Documents\Visual Studio 2017\Projects\Design Tests\Design Tests\GameInitSystem.cpp,GameInitSystem::loadEntity(),7,7,5,1,0,0,0,0,
C:\Users\Obie\Documents\Visual Studio 2017\Projects\Design Tests\Design Tests\Grid.cpp,"Grid::Grid(int originX, int originY, int width, int height, int cellSize)",9,7,7,0,2,0,0,0,
C:\Users\Obie\Documents\Visual Studio 2017\Projects\Design Tests\Design Tests\Grid.cpp,Grid::~Grid(),13,10,6,2,2,0,1,3,
C:\Users\Obie\Documents\Visual Studio 2017\Projects\Design Tests\Design Tests\Grid.cpp,"Grid::getCoordinateCell(int x, int y)",10,7,7,3,3,0,0,0,
C:\Users\Obie\Documents\Visual Studio 2017\Projects\Design Tests\Design Tests\Grid.cpp,"Grid::getCell(int cellX, int cellY)",11,8,5,2,2,0,1,9,
C:\Users\Obie\Documents\Visual Studio 2017\Projects\Design Tests\Design Tests\Grid.cpp,"Grid::add(int ID, int x, int y)",15,9,7,1,4,0,2,21,
C:\Users\Obie\Documents\Visual Studio 2017\Projects\Design Tests\Design Tests\Grid.cpp,"Grid::remove(int ID, int x, int y)",57,45,25,7,6,0,6,37,
C:\Users\Obie\Documents\Visual Studio 2017\Projects\Design Tests\Design Tests\Grid.cpp,"Grid::move(int ID, int oldX, int oldY, int movedX, int movedY)",17,13,10,1,3,0,1,7,
C:\Users\Obie\Documents\Visual Studio 2017\Projects\Design Tests\Design Tests\Grid.cpp,Grid::convertToCellCoordinates(Vector2D point),7,5,5,1,2,0,0,0,
C:\Users\Obie\Documents\Visual Studio 2017\Projects\Design Tests\Design Tests\Grid.cpp,Grid::initializeGrid(),7,6,4,1,1,0,0,0,
C:\Users\Obie\Documents\Visual Studio 2017\Projects\Design Tests\Design Tests\Grid.cpp,"Grid::convertToGridCoordinates(int& x, int& y)",36,27,18,6,8,0,1,8,
C:\Users\Obie\Documents\Visual Studio 2017\Projects\Design Tests\Design Tests\ICache.cpp,ICache::ICache(),1,1,1,0,0,0,0,0,
C:\Users\Obie\Documents\Visual Studio 2017\Projects\Design Tests\Design Tests\ICache.cpp,ICache::~ICache(),1,1,1,0,0,0,0,0,
C:\Users\Obie\Documents\Visual Studio 2017\Projects\Design Tests\Design Tests\InputComponent.cpp,InputComponent::InputComponent(),2,2,2,0,0,0,0,0,
C:\Users\Obie\Documents\Visual Studio 2017\Projects\Design Tests\Design Tests\InputComponent.cpp,InputComponent::~InputComponent(),3,2,2,0,0,0,1,6,
C:\Users\Obie\Documents\Visual Studio 2017\Projects\Design Tests\Design Tests\InputComponent.cpp,InputComponent::numberOfDevices(),6,4,4,1,2,0,0,0,
C:\Users\Obie\Documents\Visual Studio 2017\Projects\Design Tests\Design Tests\InputComponent.cpp,InputComponent::getDevice(int deviceNumber),12,10,6,3,2,0,0,0,
C:\Users\Obie\Documents\Visual Studio 2017\Projects\Design Tests\Design Tests\InputComponent.cpp,InputComponent::addDevice(InputDevice *device),2,2,2,0,0,0,0,0,
C:\Users\Obie\Documents\Visual Studio 2017\Projects\Design Tests\Design Tests\InputComponent.cpp,InputComponent::getDeviceType(int deviceNumber),12,10,6,3,2,0,0,0,
C:\Users\Obie\Documents\Visual Studio 2017\Projects\Design Tests\Design Tests\InputComponent.cpp,InputComponent::buttonPressed(InputDevice::Button button),9,7,5,2,2,0,0,0,
C:\Users\Obie\Documents\Visual Studio 2017\Projects\Design Tests\Design Tests\InputComponent.cpp,InputComponent::xLeftAxis(),39,33,17,7,5,0,1,9,
C:\Users\Obie\Documents\Visual Studio 2017\Projects\Design Tests\Design Tests\InputComponent.cpp,InputComponent::yLeftAxis(),38,33,17,7,5,0,0,0,
C:\Users\Obie\Documents\Visual Studio 2017\Projects\Design Tests\Design Tests\InputComponent.cpp,InputComponent::xRightAxis(),25,21,11,6,4,0,0,0,
C:\Users\Obie\Documents\Visual Studio 2017\Projects\Design Tests\Design Tests\InputComponent.cpp,InputComponent::yRightAxis(),25,21,11,6,4,0,0,0,
C:\Users\Obie\Documents\Visual Studio 2017\Projects\Design Tests\Design Tests\InputComponent.cpp,InputComponent::leftAxisAngle(),8,5,5,1,3,0,0,0,
C:\Users\Obie\Documents\Visual Studio 2017\Projects\Design Tests\Design Tests\InputComponent.cpp,InputComponent::rightAxisAngle(),8,5,5,1,3,0,0,0,
C:\Users\Obie\Documents\Visual Studio 2017\Projects\Design Tests\Design Tests\InputComponent.cpp,InputComponent::freeDevices(),10,9,5,2,1,0,0,0,
C:\Users\Obie\Documents\Visual Studio 2017\Projects\Design Tests\Design Tests\InputSystem.cpp,InputSystem::InputSystem(),5,5,5,0,0,0,0,0,
C:\Users\Obie\Documents\Visual Studio 2017\Projects\Design Tests\Design Tests\InputSystem.cpp,InputSystem::~InputSystem(),27,21,13,4,6,0,0,0,
C:\Users\Obie\Documents\Visual Studio 2017\Projects\Design Tests\Design Tests\InputSystem.cpp,InputSystem::processInput(SDL_Event &e),321,270,128,42,50,0,1,11,
C:\Users\Obie\Documents\Visual Studio 2017\Projects\Design Tests\Design Tests\InputSystem.cpp,InputSystem::createInputComponent(int ID),17,13,9,2,4,0,0,0,
C:\Users\Obie\Documents\Visual Studio 2017\Projects\Design Tests\Design Tests\InputSystem.cpp,InputSystem::getInputComponent(int ID),11,8,6,2,3,0,0,0,
C:\Users\Obie\Documents\Visual Studio 2017\Projects\Design Tests\Design Tests\InputSystem.cpp,InputSystem::getDevice(int ID),9,7,5,3,2,0,0,0,
C:\Users\Obie\Documents\Visual Studio 2017\Projects\Design Tests\Design Tests\InputSystem.cpp,InputSystem::getNextFreeDevice(),17,13,9,3,4,0,0,0,
C:\Users\Obie\Documents\Visual Studio 2017\Projects\Design Tests\Design Tests\InputSystem.cpp,"InputSystem::addDevice(int deviceID, InputDevice *device)",7,6,4,1,1,0,0,0,
C:\Users\Obie\Documents\Visual Studio 2017\Projects\Design Tests\Design Tests\InputSystem.cpp,InputSystem::closeDevice(int deviceID),8,7,5,1,1,0,0,0,
C:\Users\Obie\Documents\Visual Studio 2017\Projects\Design Tests\Design Tests\InputSystem.cpp,InputSystem::initializeDevices(),15,13,9,2,2,0,0,0,
C:\Users\Obie\Documents\Visual Studio 2017\Projects\Design Tests\Design Tests\InputSystem.cpp,InputSystem::deviceExists(int deviceID),14,11,7,5,3,0,0,0,
C:\Users\Obie\Documents\Visual Studio 2017\Projects\Design Tests\Design Tests\Keyboard.cpp,Keyboard::Keyboard(),1,1,1,0,0,0,0,0,
C:\Users\Obie\Documents\Visual Studio 2017\Projects\Design Tests\Design Tests\Keyboard.cpp,Keyboard::~Keyboard(),1,1,1,0,0,0,0,0,
C:\Users\Obie\Documents\Visual Studio 2017\Projects\Design Tests\Design Tests\Keyboard.cpp,Keyboard::pressKey(Uint32 key),2,2,2,0,0,0,0,0,
C:\Users\Obie\Documents\Visual Studio 2017\Projects\Design Tests\Design Tests\Keyboard.cpp,Keyboard::releaseKey(Uint32 key),2,2,2,0,0,0,0,0,
C:\Users\Obie\Documents\Visual Studio 2017\Projects\Design Tests\Design Tests\Keyboard.cpp,Keyboard::keyPressed(Uint32 key),9,7,5,3,2,0,0,0,
C:\Users\Obie\Documents\Visual Studio 2017\Projects\Design Tests\Design Tests\Line.cpp,isLineUndefined(const Line line),2,2,2,1,0,0,0,0,
C:\Users\Obie\Documents\Visual Studio 2017\Projects\Design Tests\Design Tests\Line.cpp,getSlope(const Line line),11,8,6,2,3,0,0,0,
C:\Users\Obie\Documents\Visual Studio 2017\Projects\Design Tests\Design Tests\Line.cpp,"intersectionPoint(const Line a, const Line b)",48,37,30,3,10,0,1,6,
C:\Users\Obie\Documents\Visual Studio 2017\Projects\Design Tests\Design Tests\Line.cpp,"linesIntersect(const Line a, const Line b)",74,55,28,10,9,0,10,84,
C:\Users\Obie\Documents\Visual Studio 2017\Projects\Design Tests\Design Tests\Line.cpp,"pointOnLine(const Line line, const Vector2D point)",59,50,26,10,7,0,2,16,
C:\Users\Obie\Documents\Visual Studio 2017\Projects\Design Tests\Design Tests\Line.cpp,totalDistance(const Line line),12,8,8,1,4,0,0,0,
C:\Users\Obie\Documents\Visual Studio 2017\Projects\Design Tests\Design Tests\Line.cpp,"totalDistance(const Vector2D start, const Vector2D end)",4,3,4,1,1,0,0,0,
C:\Users\Obie\Documents\Visual Studio 2017\Projects\Design Tests\Design Tests\LogicSystem.cpp,LogicSystem::~LogicSystem(),2,2,2,0,0,0,0,0,
C:\Users\Obie\Documents\Visual Studio 2017\Projects\Design Tests\Design Tests\LogicSystem.cpp,LogicSystem::getLogicComponent(int entityID),11,8,6,2,3,0,0,0,
C:\Users\Obie\Documents\Visual Studio 2017\Projects\Design Tests\Design Tests\LogicSystem.cpp,"LogicSystem::createLogicComponent(int entityID, LogicComponent::LogicType type)",38,33,19,7,4,0,1,10,
C:\Users\Obie\Documents\Visual Studio 2017\Projects\Design Tests\Design Tests\LogicSystem.cpp,LogicSystem::processMessage(IMessage *message),37,29,17,6,7,0,1,7,
C:\Users\Obie\Documents\Visual Studio 2017\Projects\Design Tests\Design Tests\LogicSystem.cpp,LogicSystem::update(float delta),8,7,5,1,1,0,0,0,
C:\Users\Obie\Documents\Visual Studio 2017\Projects\Design Tests\Design Tests\LogicSystem.cpp,LogicSystem::cleanUp(),13,11,7,2,2,0,0,0,
C:\Users\Obie\Documents\Visual Studio 2017\Projects\Design Tests\Design Tests\LogicSystem.cpp,LogicSystem::removeLogicComponent(int entityID),9,7,5,1,2,0,0,0,
C:\Users\Obie\Documents\Visual Studio 2017\Projects\Design Tests\Design Tests\main.cpp,"main(int argc, char *argv[])",47,26,14,7,8,0,13,25,
C:\Users\Obie\Documents\Visual Studio 2017\Projects\Design Tests\Design Tests\MessageSystem.cpp,MessageSystem::pollMessage(IMessage *& message),22,17,11,4,5,0,0,0,
C:\Users\Obie\Documents\Visual Studio 2017\Projects\Design Tests\Design Tests\MessageSystem.cpp,MessageSystem::pushMessage(IMessage *message),32,28,16,4,3,0,1,5,
C:\Users\Obie\Documents\Visual Studio 2017\Projects\Design Tests\Design Tests\MessageSystem.cpp,"MessageSystem::peekMessage(IMessage *& message, int startingIndex)",13,11,7,3,2,0,0,0,
C:\Users\Obie\Documents\Visual Studio 2017\Projects\Design Tests\Design Tests\MessageSystem.cpp,MessageSystem::flushMessages(),10,8,6,1,2,0,0,0,
C:\Users\Obie\Documents\Visual Studio 2017\Projects\Design Tests\Design Tests\MessageSystem.cpp,MessageSystem::combineMessage(IMessage *message),44,41,25,9,3,0,0,0,
C:\Users\Obie\Documents\Visual Studio 2017\Projects\Design Tests\Design Tests\MessageSystem.cpp,MessageSystem::getNextUnprocessedMessage(),25,22,12,7,3,0,0,0,
C:\Users\Obie\Documents\Visual Studio 2017\Projects\Design Tests\Design Tests\MessageSystem.cpp,MessageSystem::getFirstProcessedMessage(),44,36,20,8,8,0,0,0,
C:\Users\Obie\Documents\Visual Studio 2017\Projects\Design Tests\Design Tests\MessageSystem.cpp,MessageSystem::resetMessageFlag(int index),10,9,5,2,1,0,0,0,
C:\Users\Obie\Documents\Visual Studio 2017\Projects\Design Tests\Design Tests\MessageSystem.cpp,MessageSystem::combineCollision(IMessage *message),34,26,16,7,7,0,1,4,
C:\Users\Obie\Documents\Visual Studio 2017\Projects\Design Tests\Design Tests\MessageSystem.cpp,MessageSystem::combineMove(IMessage *message),37,27,17,7,7,0,3,28,
C:\Users\Obie\Documents\Visual Studio 2017\Projects\Design Tests\Design Tests\MessageSystem.cpp,MessageSystem::combineVelIncrease(IMessage *message),38,29,19,7,8,0,1,4,
C:\Users\Obie\Documents\Visual Studio 2017\Projects\Design Tests\Design Tests\MessageSystem.cpp,MessageSystem::combineAnimationChange(IMessage *message),33,25,17,6,8,0,0,0,
C:\Users\Obie\Documents\Visual Studio 2017\Projects\Design Tests\Design Tests\MessageSystem.cpp,MessageSystem::combineEntityDestroy(IMessage *message),38,31,17,9,7,0,0,0,
C:\Users\Obie\Documents\Visual Studio 2017\Projects\Design Tests\Design Tests\MessageSystem.cpp,MessageSystem::combineInput(IMessage *message),78,59,36,13,16,0,3,20,
C:\Users\Obie\Documents\Visual Studio 2017\Projects\Design Tests\Design Tests\MessageSystem.cpp,MessageSystem::combineCameraMove(IMessage *message),30,21,15,5,9,0,0,0,
C:\Users\Obie\Documents\Visual Studio 2017\Projects\Design Tests\Design Tests\Mouse.cpp,Mouse::Mouse(),1,1,1,0,0,0,0,0,
C:\Users\Obie\Documents\Visual Studio 2017\Projects\Design Tests\Design Tests\Mouse.cpp,Mouse::~Mouse(),1,1,1,0,0,0,0,0,
C:\Users\Obie\Documents\Visual Studio 2017\Projects\Design Tests\Design Tests\Mouse.cpp,Mouse::pressButton(Button button),2,2,2,0,0,0,0,0,
C:\Users\Obie\Documents\Visual Studio 2017\Projects\Design Tests\Design Tests\Mouse.cpp,Mouse::releaseButton(Button button),2,2,2,0,0,0,0,0,
C:\Users\Obie\Documents\Visual Studio 2017\Projects\Design Tests\Design Tests\Mouse.cpp,Mouse::buttonPressed(Button button),9,7,5,3,2,0,0,0,
C:\Users\Obie\Documents\Visual Studio 2017\Projects\Design Tests\Design Tests\PhysicsSystem.cpp,PhysicsSystem::~PhysicsSystem(),2,2,2,0,0,0,0,0,
C:\Users\Obie\Documents\Visual Studio 2017\Projects\Design Tests\Design Tests\PhysicsSystem.cpp,PhysicsSystem::update(float delta),3,2,2,0,0,0,1,2,
C:\Users\Obie\Documents\Visual Studio 2017\Projects\Design Tests\Design Tests\PhysicsSystem.cpp,"PhysicsSystem::createCollisionComponent(int ID, Shape::ShapeType shapeType, int centerX, int centerY)",2,2,2,1,0,0,0,0,
C:\Users\Obie\Documents\Visual Studio 2017\Projects\Design Tests\Design Tests\PhysicsSystem.cpp,PhysicsSystem::getCollisionComponent(int ID),2,2,2,1,0,0,0,0,
C:\Users\Obie\Documents\Visual Studio 2017\Projects\Design Tests\Design Tests\PhysicsSystem.cpp,PhysicsSystem::getVelocityComponent(int ID),23,16,12,2,5,0,2,15,
C:\Users\Obie\Documents\Visual Studio 2017\Projects\Design Tests\Design Tests\PhysicsSystem.cpp,PhysicsSystem::processMessage(IMessage *message),82,70,42,10,12,0,0,0,
C:\Users\Obie\Documents\Visual Studio 2017\Projects\Design Tests\Design Tests\PhysicsSystem.cpp,"PhysicsSystem::initCollisionSystem(int gridX, int gridY, int width, int height, int cellSize)",5,5,3,1,0,0,0,0,
C:\Users\Obie\Documents\Visual Studio 2017\Projects\Design Tests\Design Tests\PhysicsSystem.cpp,"PhysicsSystem::hasLineOfSight(int entityID, int otherEntityID)",2,2,2,1,0,0,0,0,
C:\Users\Obie\Documents\Visual Studio 2017\Projects\Design Tests\Design Tests\PhysicsSystem.cpp,"PhysicsSystem::sendMoveMessage(int entityID, Vector2D oldPosition, Vector2D newPosition)",4,3,3,0,1,0,0,0,
C:\Users\Obie\Documents\Visual Studio 2017\Projects\Design Tests\Design Tests\PhysicsSystem.cpp,PhysicsSystem::removeVelocityComponent(int entityID),8,7,5,1,1,0,0,0,
C:\Users\Obie\Documents\Visual Studio 2017\Projects\Design Tests\Design Tests\PhysicsSystem.cpp,PhysicsSystem::cleanUp(),17,13,9,2,4,0,0,0,
C:\Users\Obie\Documents\Visual Studio 2017\Projects\Design Tests\Design Tests\PhysicsSystem.cpp,PhysicsSystem::applyVelocity(float delta),77,58,39,8,15,0,4,23,
C:\Users\Obie\Documents\Visual Studio 2017\Projects\Design Tests\Design Tests\PhysicsSystem.cpp,"PhysicsSystem::applyFriction(int entityID, float delta)",39,35,19,4,4,0,0,0,
C:\Users\Obie\Documents\Visual Studio 2017\Projects\Design Tests\Design Tests\PhysicsSystem.cpp,"PhysicsSystem::lerp(Vector2D goal, Vector2D current, float amount)",33,30,18,3,3,0,0,0,
C:\Users\Obie\Documents\Visual Studio 2017\Projects\Design Tests\Design Tests\PlayerIdleState.cpp,"PlayerIdleState::PlayerIdleState(int entityID, std::string name)",1,1,1,0,0,0,0,0,
C:\Users\Obie\Documents\Visual Studio 2017\Projects\Design Tests\Design Tests\PlayerIdleState.cpp,PlayerIdleState::~PlayerIdleState(),1,1,1,0,0,0,0,0,
C:\Users\Obie\Documents\Visual Studio 2017\Projects\Design Tests\Design Tests\PlayerIdleState.cpp,PlayerIdleState::enter(),3,2,2,0,0,0,1,10,
C:\Users\Obie\Documents\Visual Studio 2017\Projects\Design Tests\Design Tests\PlayerIdleState.cpp,PlayerIdleState::update(),10,9,5,2,1,0,0,0,
C:\Users\Obie\Documents\Visual Studio 2017\Projects\Design Tests\Design Tests\PlayerIdleState.cpp,PlayerIdleState::exit(),2,1,1,0,0,0,1,4,
C:\Users\Obie\Documents\Visual Studio 2017\Projects\Design Tests\Design Tests\PlayerLogicComponent.cpp,PlayerLogicComponent::~PlayerLogicComponent(),2,2,2,0,0,0,0,0,
C:\Users\Obie\Documents\Visual Studio 2017\Projects\Design Tests\Design Tests\PlayerLogicComponent.cpp,"PlayerLogicComponent::addState(std::string stateName, IState *state)",19,17,9,2,1,0,1,4,
C:\Users\Obie\Documents\Visual Studio 2017\Projects\Design Tests\Design Tests\PlayerLogicComponent.cpp,PlayerLogicComponent::removeState(std::string stateName),11,10,6,2,1,0,0,0,
C:\Users\Obie\Documents\Visual Studio 2017\Projects\Design Tests\Design Tests\PlayerLogicComponent.cpp,PlayerLogicComponent::getState(std::string stateName),14,11,7,3,3,0,0,0,
C:\Users\Obie\Documents\Visual Studio 2017\Projects\Design Tests\Design Tests\PlayerLogicComponent.cpp,PlayerLogicComponent::currentState(),2,2,2,1,0,0,0,0,
C:\Users\Obie\Documents\Visual Studio 2017\Projects\Design Tests\Design Tests\PlayerLogicComponent.cpp,PlayerLogicComponent::changeState(std::string stateName),15,13,7,3,2,0,0,0,
C:\Users\Obie\Documents\Visual Studio 2017\Projects\Design Tests\Design Tests\PlayerLogicComponent.cpp,PlayerLogicComponent::update(),5,5,3,1,0,0,0,0,
C:\Users\Obie\Documents\Visual Studio 2017\Projects\Design Tests\Design Tests\PlayerLogicComponent.cpp,PlayerLogicComponent::processMessage(IMessage *message),59,46,27,10,13,0,0,0,
C:\Users\Obie\Documents\Visual Studio 2017\Projects\Design Tests\Design Tests\PlayerLogicComponent.cpp,PlayerLogicComponent::cleanUp(),14,11,7,2,3,0,0,0,
C:\Users\Obie\Documents\Visual Studio 2017\Projects\Design Tests\Design Tests\PlayerLogicComponent.cpp,PlayerLogicComponent::canKnockback(),18,15,9,3,3,0,0,0,
C:\Users\Obie\Documents\Visual Studio 2017\Projects\Design Tests\Design Tests\PlayerMoveState.cpp,"PlayerMoveState::PlayerMoveState(int entityID, std::string stateName, float walkSpeed)",1,1,1,0,0,0,0,0,
C:\Users\Obie\Documents\Visual Studio 2017\Projects\Design Tests\Design Tests\PlayerMoveState.cpp,PlayerMoveState::~PlayerMoveState(),1,1,1,0,0,0,0,0,
C:\Users\Obie\Documents\Visual Studio 2017\Projects\Design Tests\Design Tests\PlayerMoveState.cpp,PlayerMoveState::enter(),2,2,2,0,0,0,0,0,
C:\Users\Obie\Documents\Visual Studio 2017\Projects\Design Tests\Design Tests\PlayerMoveState.cpp,PlayerMoveState::update(),52,44,26,6,8,0,0,0,
C:\Users\Obie\Documents\Visual Studio 2017\Projects\Design Tests\Design Tests\PlayerMoveState.cpp,PlayerMoveState::exit(),2,1,1,0,1,0,0,0,
C:\Users\Obie\Documents\Visual Studio 2017\Projects\Design Tests\Design Tests\PlayerMoveState.cpp,PlayerMoveState::processMessage(IMessage *message),7,7,3,2,0,0,0,0,
C:\Users\Obie\Documents\Visual Studio 2017\Projects\Design Tests\Design Tests\PlayerMoveState.cpp,"PlayerMoveState::sendVelocityIncreaseMsg(float xSpeed, float ySpeed)",4,3,3,0,1,0,0,0,
C:\Users\Obie\Documents\Visual Studio 2017\Projects\Design Tests\Design Tests\PlayerState.cpp,"PlayerState::PlayerState(int entityID, std::string stateName)",1,1,1,0,0,0,0,0,
C:\Users\Obie\Documents\Visual Studio 2017\Projects\Design Tests\Design Tests\PlayerState.cpp,PlayerState::~PlayerState(),1,1,1,0,0,0,0,0,
C:\Users\Obie\Documents\Visual Studio 2017\Projects\Design Tests\Design Tests\PlayerState.cpp,PlayerState::processMessage(IMessage *message),2,1,1,0,1,0,0,0,
C:\Users\Obie\Documents\Visual Studio 2017\Projects\Design Tests\Design Tests\Rectangle.cpp,Rectangle::Rectangle(),2,1,1,0,1,0,0,0,
C:\Users\Obie\Documents\Visual Studio 2017\Projects\Design Tests\Design Tests\Rectangle.cpp,"Rectangle::Rectangle(float centerX, float centerY, int width, int height)",2,1,1,0,1,0,0,0,
C:\Users\Obie\Documents\Visual Studio 2017\Projects\Design Tests\Design Tests\Rectangle.cpp,Rectangle::~Rectangle(),2,1,1,0,1,0,0,0,
C:\Users\Obie\Documents\Visual Studio 2017\Projects\Design Tests\Design Tests\Rectangle.cpp,Rectangle::getTopRight(),9,7,5,2,2,0,0,0,
C:\Users\Obie\Documents\Visual Studio 2017\Projects\Design Tests\Design Tests\Rectangle.cpp,Rectangle::getTopLeft(),9,7,5,2,2,0,0,0,
C:\Users\Obie\Documents\Visual Studio 2017\Projects\Design Tests\Design Tests\Rectangle.cpp,Rectangle::getBottomRight(),9,7,5,2,2,0,0,0,
C:\Users\Obie\Documents\Visual Studio 2017\Projects\Design Tests\Design Tests\Rectangle.cpp,Rectangle::getBottomLeft(),9,7,5,2,2,0,0,0,
C:\Users\Obie\Documents\Visual Studio 2017\Projects\Design Tests\Design Tests\Renderer.cpp,Renderer::Renderer(SDL_Window *window),12,11,7,1,1,0,0,0,
C:\Users\Obie\Documents\Visual Studio 2017\Projects\Design Tests\Design Tests\Renderer.cpp,"Renderer::Renderer(SDL_Window *window, bool vSyncEnabled)",19,16,10,2,3,0,0,0,
C:\Users\Obie\Documents\Visual Studio 2017\Projects\Design Tests\Design Tests\Renderer.cpp,Renderer::~Renderer(),2,2,2,1,0,0,0,0,
C:\Users\Obie\Documents\Visual Studio 2017\Projects\Design Tests\Design Tests\Renderer.cpp,Renderer::hasPixelFormat(Uint32 format),17,13,9,4,4,0,0,0,
C:\Users\Obie\Documents\Visual Studio 2017\Projects\Design Tests\Design Tests\Renderer.cpp,Renderer::getAlphaPixelFormat(),13,11,7,4,2,0,0,0,
C:\Users\Obie\Documents\Visual Studio 2017\Projects\Design Tests\Design Tests\Renderer.cpp,Renderer::renderPresent(),2,2,2,0,0,0,0,0,
C:\Users\Obie\Documents\Visual Studio 2017\Projects\Design Tests\Design Tests\Renderer.cpp,Renderer::clear(),2,2,2,0,0,0,0,0,
C:\Users\Obie\Documents\Visual Studio 2017\Projects\Design Tests\Design Tests\Renderer.cpp,"Renderer::setColor(Uint8 red, Uint8 green, Uint8 blue, Uint8 alpha)",14,10,10,4,4,0,0,0,
C:\Users\Obie\Documents\Visual Studio 2017\Projects\Design Tests\Design Tests\Renderer.cpp,"Renderer::drawLine(Vector2D start, Vector2D end)",8,6,6,0,1,0,1,9,
C:\Users\Obie\Documents\Visual Studio 2017\Projects\Design Tests\Design Tests\Renderer.cpp,"Renderer::drawLine(int x1, int y1, int x2, int y2)",2,2,2,0,0,0,0,0,
C:\Users\Obie\Documents\Visual Studio 2017\Projects\Design Tests\Design Tests\Renderer.cpp,"Renderer::drawCircle(float centerX, float centerY, int radius, float rotation)",44,36,32,3,6,1,2,23,
C:\Users\Obie\Documents\Visual Studio 2017\Projects\Design Tests\Design Tests\Renderer.cpp,"Renderer::drawCircle(Vector2D center, int radius, float rotation)",43,35,30,3,6,1,2,23,
C:\Users\Obie\Documents\Visual Studio 2017\Projects\Design Tests\Design Tests\Renderer.cpp,"Renderer::drawRect( float centerX, float centerY, int width, int height, bool filled)",16,14,10,1,2,0,0,0,
C:\Users\Obie\Documents\Visual Studio 2017\Projects\Design Tests\Design Tests\Renderer.cpp,"Renderer::drawRect(Vector2D center, int width, int height, bool filled)",19,16,12,1,3,0,0,0,
C:\Users\Obie\Documents\Visual Studio 2017\Projects\Design Tests\Design Tests\Renderer.cpp,"Renderer::drawRectEX( float centerX, float centerY, int width, int height, float rotation)",23,17,23,0,3,0,3,17,
C:\Users\Obie\Documents\Visual Studio 2017\Projects\Design Tests\Design Tests\Renderer.cpp,"Renderer::drawRectEX(Vector2D center, int width, int height, float rotation)",26,18,23,0,4,0,4,24,
C:\Users\Obie\Documents\Visual Studio 2017\Projects\Design Tests\Design Tests\Renderer.cpp,"Renderer::renderTexture(Texture *texture, int x, int y, SDL_Rect *clip)",20,17,12,2,3,0,0,0,
C:\Users\Obie\Documents\Visual Studio 2017\Projects\Design Tests\Design Tests\Renderer.cpp,"Renderer::renderTextureEX( Texture *texture, int x, int y, Vector2D *anchor, SDL_Rect *destination, SDL_Rect *clip, float rotation, SDL_RendererFlip flip)",33,31,14,3,2,0,0,0,
C:\Users\Obie\Documents\Visual Studio 2017\Projects\Design Tests\Design Tests\RenderSystem.cpp,RenderSystem::~RenderSystem(),2,2,2,0,0,0,0,0,
C:\Users\Obie\Documents\Visual Studio 2017\Projects\Design Tests\Design Tests\RenderSystem.cpp,RenderSystem::clear(),5,5,3,1,0,0,0,0,
C:\Users\Obie\Documents\Visual Studio 2017\Projects\Design Tests\Design Tests\RenderSystem.cpp,RenderSystem::update(float delta),22,18,10,4,2,0,2,27,
C:\Users\Obie\Documents\Visual Studio 2017\Projects\Design Tests\Design Tests\RenderSystem.cpp,"RenderSystem::createSprite(ID id, std::string texturePath, Vector2D position)",26,17,13,2,7,0,2,15,
C:\Users\Obie\Documents\Visual Studio 2017\Projects\Design Tests\Design Tests\RenderSystem.cpp,RenderSystem::createAnimationComponent(ID id),17,13,9,2,4,0,0,0,
C:\Users\Obie\Documents\Visual Studio 2017\Projects\Design Tests\Design Tests\RenderSystem.cpp,"RenderSystem::createTextComponent(ID id, string text, Font *font, SDL_Color color, Uint32 wrapWidth, Vector2D position)",26,21,15,3,5,0,0,0,
C:\Users\Obie\Documents\Visual Studio 2017\Projects\Design Tests\Design Tests\RenderSystem.cpp,RenderSystem::getSprite(ID id),11,8,6,2,3,0,0,0,
C:\Users\Obie\Documents\Visual Studio 2017\Projects\Design Tests\Design Tests\RenderSystem.cpp,RenderSystem::getAnimation(ID id),9,7,5,3,2,0,0,0,
C:\Users\Obie\Documents\Visual Studio 2017\Projects\Design Tests\Design Tests\RenderSystem.cpp,RenderSystem::getText(ID id),11,8,6,2,3,0,0,0,
C:\Users\Obie\Documents\Visual Studio 2017\Projects\Design Tests\Design Tests\RenderSystem.cpp,RenderSystem::getEffect(ID id),11,8,6,2,3,0,0,0,
C:\Users\Obie\Documents\Visual Studio 2017\Projects\Design Tests\Design Tests\RenderSystem.cpp,"RenderSystem::setSpriteLayer(ID spriteID, RenderLayers layer)",22,14,12,3,7,0,1,8,
C:\Users\Obie\Documents\Visual Studio 2017\Projects\Design Tests\Design Tests\RenderSystem.cpp,RenderSystem::processMessage(IMessage *message),119,94,64,13,24,0,1,1,
C:\Users\Obie\Documents\Visual Studio 2017\Projects\Design Tests\Design Tests\RenderSystem.cpp,"RenderSystem::createCamera(SDL_Rect rect, float xScale, float yScale)",5,5,3,1,0,0,0,0,
C:\Users\Obie\Documents\Visual Studio 2017\Projects\Design Tests\Design Tests\RenderSystem.cpp,"RenderSystem::drawLine(Line line, SDL_Color color)",19,15,13,1,4,0,0,0,
C:\Users\Obie\Documents\Visual Studio 2017\Projects\Design Tests\Design Tests\RenderSystem.cpp,"RenderSystem::createTextureEffect(int entityID, TextureEffect::EffectType type, SDL_Color endColor, SDL_BlendMode blendMode, float duration, float speed)",25,20,14,2,5,0,0,0,
C:\Users\Obie\Documents\Visual Studio 2017\Projects\Design Tests\Design Tests\RenderSystem.cpp,RenderSystem::setCameraTarget(int targetID),21,13,12,1,7,0,1,1,
C:\Users\Obie\Documents\Visual Studio 2017\Projects\Design Tests\Design Tests\RenderSystem.cpp,RenderSystem::cleanUp(),66,47,29,9,17,0,2,16,
C:\Users\Obie\Documents\Visual Studio 2017\Projects\Design Tests\Design Tests\RenderSystem.cpp,"RenderSystem::drawSprites(float delta, int layer)",144,100,72,13,27,0,17,43,
C:\Users\Obie\Documents\Visual Studio 2017\Projects\Design Tests\Design Tests\RenderSystem.cpp,RenderSystem::drawUI(float delta),130,89,61,13,24,0,17,43,
C:\Users\Obie\Documents\Visual Studio 2017\Projects\Design Tests\Design Tests\RenderSystem.cpp,RenderSystem::drawText(float delta),29,24,12,4,5,0,0,0,
C:\Users\Obie\Documents\Visual Studio 2017\Projects\Design Tests\Design Tests\RenderSystem.cpp,RenderSystem::updateAnimations(),12,10,6,2,2,0,0,0,
C:\Users\Obie\Documents\Visual Studio 2017\Projects\Design Tests\Design Tests\RenderSystem.cpp,RenderSystem::updateVisible(),52,43,29,4,9,0,0,0,
C:\Users\Obie\Documents\Visual Studio 2017\Projects\Design Tests\Design Tests\RenderSystem.cpp,RenderSystem::processAnimationChange(AnimationChangeMessage *message),35,31,15,7,4,0,0,0,
C:\Users\Obie\Documents\Visual Studio 2017\Projects\Design Tests\Design Tests\RenderSystem.cpp,RenderSystem::removeSprite(int entityID),13,9,7,1,4,0,0,0,
C:\Users\Obie\Documents\Visual Studio 2017\Projects\Design Tests\Design Tests\RenderSystem.cpp,RenderSystem::removeAnimation(int entityID),9,7,5,1,2,0,0,0,
C:\Users\Obie\Documents\Visual Studio 2017\Projects\Design Tests\Design Tests\RenderSystem.cpp,RenderSystem::removeText(int entityID),10,8,6,1,2,0,0,0,
C:\Users\Obie\Documents\Visual Studio 2017\Projects\Design Tests\Design Tests\ResourceManager.cpp,ResourceManager::~ResourceManager(),10,9,9,0,1,0,0,0,
C:\Users\Obie\Documents\Visual Studio 2017\Projects\Design Tests\Design Tests\ResourceManager.cpp,ResourceManager::getTexture(Key key),7,6,4,3,1,0,0,0,
C:\Users\Obie\Documents\Visual Studio 2017\Projects\Design Tests\Design Tests\ResourceManager.cpp,"ResourceManager::getFont(string fontPath, int pointSize, Font::FontFlags flag, bool italics)",9,7,5,2,2,0,0,0,
C:\Users\Obie\Documents\Visual Studio 2017\Projects\Design Tests\Design Tests\ResourceManager.cpp,ResourceManager::windowInitialized(),7,6,4,3,1,0,0,0,
C:\Users\Obie\Documents\Visual Studio 2017\Projects\Design Tests\Design Tests\ResourceManager.cpp,ResourceManager::rendererInitialized(),7,6,4,3,1,0,0,0,
C:\Users\Obie\Documents\Visual Studio 2017\Projects\Design Tests\Design Tests\ResourceManager.cpp,"ResourceManager::initWindow(std::string title, int width, int height, Uint32 flags)",5,5,3,1,0,0,0,0,
C:\Users\Obie\Documents\Visual Studio 2017\Projects\Design Tests\Design Tests\ResourceManager.cpp,ResourceManager::initRenderer(bool vSyncEnabled),15,13,7,3,2,0,0,0,
C:\Users\Obie\Documents\Visual Studio 2017\Projects\Design Tests\Design Tests\Room.cpp,"Room::Room(int x, int y, int width, int height, std::string map)",2,2,2,0,0,0,0,0,
C:\Users\Obie\Documents\Visual Studio 2017\Projects\Design Tests\Design Tests\Room.cpp,Room::~Room(),2,2,2,0,0,0,0,0,
C:\Users\Obie\Documents\Visual Studio 2017\Projects\Design Tests\Design Tests\Room.cpp,Room::addConnection(Room *room),5,5,3,1,0,0,0,0,
C:\Users\Obie\Documents\Visual Studio 2017\Projects\Design Tests\Design Tests\Room.cpp,Room::removeConnection(int index),7,6,4,1,1,0,0,0,
C:\Users\Obie\Documents\Visual Studio 2017\Projects\Design Tests\Design Tests\Room.cpp,"Room::replaceConnection(Room *room, int index)",5,5,3,1,0,0,0,0,
C:\Users\Obie\Documents\Visual Studio 2017\Projects\Design Tests\Design Tests\Room.cpp,Room::connectionCount(),2,2,2,1,0,0,0,0,
C:\Users\Obie\Documents\Visual Studio 2017\Projects\Design Tests\Design Tests\Room.cpp,Room::getConnection(int index),9,7,5,2,2,0,0,0,
C:\Users\Obie\Documents\Visual Studio 2017\Projects\Design Tests\Design Tests\Room.cpp,Room::show(),17,14,8,3,3,0,0,0,
C:\Users\Obie\Documents\Visual Studio 2017\Projects\Design Tests\Design Tests\Room.cpp,Room::hide(),17,14,8,3,3,0,0,0,
C:\Users\Obie\Documents\Visual Studio 2017\Projects\Design Tests\Design Tests\Room.cpp,Room::addEntity(int entityID),2,2,2,0,0,0,0,0,
C:\Users\Obie\Documents\Visual Studio 2017\Projects\Design Tests\Design Tests\Room.cpp,Room::removeEntity(int entityID),16,13,9,3,3,0,0,0,
C:\Users\Obie\Documents\Visual Studio 2017\Projects\Design Tests\Design Tests\Room.cpp,Room::cleanUp(),20,15,11,2,5,0,0,0,
C:\Users\Obie\Documents\Visual Studio 2017\Projects\Design Tests\Design Tests\Rotation.cpp,degreesToRadians(float degrees),8,5,5,1,3,0,0,0,
C:\Users\Obie\Documents\Visual Studio 2017\Projects\Design Tests\Design Tests\Rotation.cpp,radiansToDegrees(float radians),13,9,7,2,4,0,0,0,
C:\Users\Obie\Documents\Visual Studio 2017\Projects\Design Tests\Design Tests\Rotation.cpp,convertRotationToDegrees(float rotation),7,4,4,1,2,0,1,5,
C:\Users\Obie\Documents\Visual Studio 2017\Projects\Design Tests\Design Tests\Rotation.cpp,"angleToDegrees(Vector2D origin, Vector2D point)",5,4,4,1,1,0,0,0,
C:\Users\Obie\Documents\Visual Studio 2017\Projects\Design Tests\Design Tests\Rotation.cpp,"rotatePoint(Vector2D point, Vector2D origin, float rotation)",16,12,12,1,4,0,0,0,
C:\Users\Obie\Documents\Visual Studio 2017\Projects\Design Tests\Design Tests\Rotation.cpp,"rotatePoint(int x, int y, int originX, int originY, float rotation)",19,14,14,1,5,0,0,0,
C:\Users\Obie\Documents\Visual Studio 2017\Projects\Design Tests\Design Tests\SpriteComponent.cpp,SpriteComponent::SpriteComponent(Texture *texture),53,39,29,5,13,0,1,6,
C:\Users\Obie\Documents\Visual Studio 2017\Projects\Design Tests\Design Tests\SpriteComponent.cpp,SpriteComponent::~SpriteComponent(),3,2,2,0,0,0,1,6,
C:\Users\Obie\Documents\Visual Studio 2017\Projects\Design Tests\Design Tests\SpriteComponent.cpp,SpriteComponent::setTexture(Texture *texture),11,9,5,2,1,0,1,6,
C:\Users\Obie\Documents\Visual Studio 2017\Projects\Design Tests\Design Tests\SpriteComponent.cpp,"SpriteComponent::setClip(int x, int y, int w, int h)",12,11,8,7,1,0,0,0,
C:\Users\Obie\Documents\Visual Studio 2017\Projects\Design Tests\Design Tests\SpriteComponent.cpp,"SpriteComponent::setRenderSize(int width, int height)",10,9,5,2,1,0,0,0,
C:\Users\Obie\Documents\Visual Studio 2017\Projects\Design Tests\Design Tests\TextComponent.cpp,"TextComponent::TextComponent(Font *font, SDL_Color color, string text, Uint32 wrapWidth, Vector2D position)",2,2,2,0,0,0,0,0,
C:\Users\Obie\Documents\Visual Studio 2017\Projects\Design Tests\Design Tests\TextComponent.cpp,TextComponent::~TextComponent(),7,6,4,1,1,0,0,0,
C:\Users\Obie\Documents\Visual Studio 2017\Projects\Design Tests\Design Tests\TextComponent.cpp,TextComponent::setText(string text),7,6,4,1,1,0,0,0,
C:\Users\Obie\Documents\Visual Studio 2017\Projects\Design Tests\Design Tests\TextComponent.cpp,TextComponent::setColor(SDL_Color color),4,3,3,0,1,0,0,0,
C:\Users\Obie\Documents\Visual Studio 2017\Projects\Design Tests\Design Tests\TextComponent.cpp,"TextComponent::setColor(int r, int g, int b, int a)",21,15,15,4,6,0,0,0,
C:\Users\Obie\Documents\Visual Studio 2017\Projects\Design Tests\Design Tests\TextComponent.cpp,TextComponent::setFont(Font *font),7,6,4,1,1,0,0,0,
C:\Users\Obie\Documents\Visual Studio 2017\Projects\Design Tests\Design Tests\TextComponent.cpp,TextComponent::setWrapWidth(Uint32 width),4,3,3,1,1,0,0,0,
C:\Users\Obie\Documents\Visual Studio 2017\Projects\Design Tests\Design Tests\TextComponent.cpp,TextComponent::createTexture(),33,27,16,5,6,0,0,0,
C:\Users\Obie\Documents\Visual Studio 2017\Projects\Design Tests\Design Tests\TextComponent.cpp,TextComponent::destroyTexture(),6,6,4,1,0,0,0,0,
C:\Users\Obie\Documents\Visual Studio 2017\Projects\Design Tests\Design Tests\Texture.cpp,"Texture::Texture(SDL_Texture *texture, Vector2D center)",5,4,4,0,1,0,0,0,
C:\Users\Obie\Documents\Visual Studio 2017\Projects\Design Tests\Design Tests\Texture.cpp,Texture::~Texture(),2,2,2,1,0,0,0,0,
C:\Users\Obie\Documents\Visual Studio 2017\Projects\Design Tests\Design Tests\Texture.cpp,Texture::lock(),18,16,8,3,2,0,0,0,
C:\Users\Obie\Documents\Visual Studio 2017\Projects\Design Tests\Design Tests\Texture.cpp,Texture::unlock(),11,9,7,2,2,0,0,0,
C:\Users\Obie\Documents\Visual Studio 2017\Projects\Design Tests\Design Tests\TextureCache.cpp,"TextureCache::TextureCache(Window *window, Renderer *renderer)",2,2,2,0,0,0,0,0,
C:\Users\Obie\Documents\Visual Studio 2017\Projects\Design Tests\Design Tests\TextureCache.cpp,TextureCache::~TextureCache(),2,2,2,0,0,0,0,0,
C:\Users\Obie\Documents\Visual Studio 2017\Projects\Design Tests\Design Tests\TextureCache.cpp,TextureCache::getTexture(Key key),27,20,12,4,5,0,2,13,
C:\Users\Obie\Documents\Visual Studio 2017\Projects\Design Tests\Design Tests\TextureCache.cpp,TextureCache::cleanUp(),13,11,7,2,2,0,0,0,
C:\Users\Obie\Documents\Visual Studio 2017\Projects\Design Tests\Design Tests\TextureCache.cpp,TextureCache::createTexture(Key key),96,74,45,8,20,0,2,11,
C:\Users\Obie\Documents\Visual Studio 2017\Projects\Design Tests\Design Tests\TextureCache.cpp,TextureCache::colorKeyTexture(Texture *texture),30,23,15,5,7,0,0,0,
C:\Users\Obie\Documents\Visual Studio 2017\Projects\Design Tests\Design Tests\TextureEffect.cpp,"TextureEffect::TextureEffect(SpriteComponent *sprite, EffectType type, SDL_Color endColor, SDL_BlendMode blendMode, float duration, float speed)",16,14,12,1,2,0,0,0,
C:\Users\Obie\Documents\Visual Studio 2017\Projects\Design Tests\Design Tests\TextureEffect.cpp,TextureEffect::~TextureEffect(),2,1,1,0,1,0,0,0,
C:\Users\Obie\Documents\Visual Studio 2017\Projects\Design Tests\Design Tests\TextureEffect.cpp,TextureEffect::start(),6,6,4,1,0,0,0,0,
C:\Users\Obie\Documents\Visual Studio 2017\Projects\Design Tests\Design Tests\TextureEffect.cpp,TextureEffect::applyEffect(float delta),121,115,67,19,6,0,0,0,
C:\Users\Obie\Documents\Visual Studio 2017\Projects\Design Tests\Design Tests\TextureEffect.cpp,TextureEffect::reset(),9,6,6,0,3,0,0,0,
C:\Users\Obie\Documents\Visual Studio 2017\Projects\Design Tests\Design Tests\TextureEffect.cpp,"TextureEffect::lerp(int a, int b, float percent)",9,3,3,1,1,0,5,10,
C:\Users\Obie\Documents\Visual Studio 2017\Projects\Design Tests\Design Tests\TextureEffect.cpp,TextureEffect::colorFade(),8,6,6,0,2,0,0,0,
C:\Users\Obie\Documents\Visual Studio 2017\Projects\Design Tests\Design Tests\TextureEffect.cpp,TextureEffect::colorFlash(),190,162,74,35,26,0,2,30,
C:\Users\Obie\Documents\Visual Studio 2017\Projects\Design Tests\Design Tests\TextureEffect.cpp,TextureEffect::alphaFade(),6,4,4,0,2,0,0,0,
C:\Users\Obie\Documents\Visual Studio 2017\Projects\Design Tests\Design Tests\TextureEffect.cpp,TextureEffect::alphaFlash(),78,69,37,11,8,0,1,15,
C:\Users\Obie\Documents\Visual Studio 2017\Projects\Design Tests\Design Tests\UIButton.cpp,"UIButton::UIButton(int entityID, Vector2D position, Shape::Rectangle *rect, std::string buttonTexture)",11,10,6,2,1,0,0,0,
C:\Users\Obie\Documents\Visual Studio 2017\Projects\Design Tests\Design Tests\UIButton.cpp,UIButton::~UIButton(),6,6,4,1,0,0,0,0,
C:\Users\Obie\Documents\Visual Studio 2017\Projects\Design Tests\Design Tests\UIButton.cpp,UIButton::getPressed(),9,7,5,2,2,0,0,0,
C:\Users\Obie\Documents\Visual Studio 2017\Projects\Design Tests\Design Tests\UIButton.cpp,UIButton::getReleased(),9,7,5,2,2,0,0,0,
C:\Users\Obie\Documents\Visual Studio 2017\Projects\Design Tests\Design Tests\UIButton.cpp,UIButton::getHeld(),9,7,5,2,2,0,0,0,
C:\Users\Obie\Documents\Visual Studio 2017\Projects\Design Tests\Design Tests\UIButton.cpp,UIButton::setPressed(bool pressed),3,3,3,0,0,0,0,0,
C:\Users\Obie\Documents\Visual Studio 2017\Projects\Design Tests\Design Tests\UIButton.cpp,UIButton::setRect(Shape::Rectangle *rect),20,16,10,3,4,0,0,0,
C:\Users\Obie\Documents\Visual Studio 2017\Projects\Design Tests\Design Tests\UIButton.cpp,"UIButton::setText(string text, Font *font, SDL_Color color)",19,17,7,2,2,0,0,0,
C:\Users\Obie\Documents\Visual Studio 2017\Projects\Design Tests\Design Tests\UIButton.cpp,UIButton::setWidth(int width),21,16,10,3,5,0,0,0,
C:\Users\Obie\Documents\Visual Studio 2017\Projects\Design Tests\Design Tests\UIButton.cpp,UIButton::setHeight(int height),14,11,7,2,3,0,0,0,
C:\Users\Obie\Documents\Visual Studio 2017\Projects\Design Tests\Design Tests\UIButton.cpp,UIButton::setActive(bool active),11,10,6,2,1,0,0,0,
C:\Users\Obie\Documents\Visual Studio 2017\Projects\Design Tests\Design Tests\UIButton.cpp,UIButton::setPosition(Vector2D position),11,8,6,1,3,0,0,0,
C:\Users\Obie\Documents\Visual Studio 2017\Projects\Design Tests\Design Tests\UIButton.cpp,UIButton::setVisible(bool visible),16,12,8,2,4,0,0,0,
C:\Users\Obie\Documents\Visual Studio 2017\Projects\Design Tests\Design Tests\UIButton.cpp,UIButton::update(float delta),27,26,12,5,1,0,0,0,
C:\Users\Obie\Documents\Visual Studio 2017\Projects\Design Tests\Design Tests\UIButton.cpp,UIButton::processMessage(IMessage *message),135,108,62,23,26,0,1,8,
C:\Users\Obie\Documents\Visual Studio 2017\Projects\Design Tests\Design Tests\UIButton.cpp,UIButton::setOnPress(functionPtr onPress),2,2,2,0,0,0,0,0,
C:\Users\Obie\Documents\Visual Studio 2017\Projects\Design Tests\Design Tests\UIButton.cpp,UIButton::setOnRelease(functionPtr onRelease),2,2,2,0,0,0,0,0,
C:\Users\Obie\Documents\Visual Studio 2017\Projects\Design Tests\Design Tests\UIButton.cpp,UIButton::setOnHold(functionPtr onHold),2,2,2,0,0,0,0,0,
C:\Users\Obie\Documents\Visual Studio 2017\Projects\Design Tests\Design Tests\UIComponent.cpp,"UIComponent::UIComponent(UI_TYPE type, int entityID, Vector2D position)",2,1,1,0,1,0,0,0,
C:\Users\Obie\Documents\Visual Studio 2017\Projects\Design Tests\Design Tests\UIComponent.cpp,UIComponent::~UIComponent(),1,1,1,0,0,0,0,0,
C:\Users\Obie\Documents\Visual Studio 2017\Projects\Design Tests\Design Tests\UIDeckGrid.cpp,"UIDeckGrid::UIDeckGrid(Vector2D position, int width, int height, string texturePath, int cardPerRow, int rowCount, Deck *deck)",2,1,1,0,1,0,0,0,
C:\Users\Obie\Documents\Visual Studio 2017\Projects\Design Tests\Design Tests\UIDeckGrid.cpp,UIDeckGrid::~UIDeckGrid(),2,2,2,0,0,0,0,0,
C:\Users\Obie\Documents\Visual Studio 2017\Projects\Design Tests\Design Tests\UIDeckGrid.cpp,UIDeckGrid::setWidth(int width),12,9,5,2,3,0,0,0,
C:\Users\Obie\Documents\Visual Studio 2017\Projects\Design Tests\Design Tests\UIGraphic.cpp,"UIGraphic::UIGraphic(int entityID, Vector2D position, string graphicPath)",13,11,5,1,2,0,0,0,
C:\Users\Obie\Documents\Visual Studio 2017\Projects\Design Tests\Design Tests\UIGraphic.cpp,UIGraphic::~UIGraphic(),2,1,1,0,1,0,0,0,
C:\Users\Obie\Documents\Visual Studio 2017\Projects\Design Tests\Design Tests\UIGraphic.cpp,UIGraphic::setPosition(Vector2D position),6,4,4,0,2,0,0,0,
C:\Users\Obie\Documents\Visual Studio 2017\Projects\Design Tests\Design Tests\UIGraphic.cpp,UIGraphic::setVisible(bool visible),9,7,5,1,2,0,0,0,
C:\Users\Obie\Documents\Visual Studio 2017\Projects\Design Tests\Design Tests\UIGraphic.cpp,UIGraphic::setClip(SDL_Rect clip),7,6,4,1,1,0,0,0,
C:\Users\Obie\Documents\Visual Studio 2017\Projects\Design Tests\Design Tests\UIGraphic.cpp,"UIGraphic::setRect(int width, int height)",13,11,7,4,2,0,0,0,
C:\Users\Obie\Documents\Visual Studio 2017\Projects\Design Tests\Design Tests\UIGraphic.cpp,UIGraphic::update(float delta),2,1,1,0,1,0,0,0,
C:\Users\Obie\Documents\Visual Studio 2017\Projects\Design Tests\Design Tests\UIGraphic.cpp,UIGraphic::processMessage(IMessage *message),2,1,1,0,1,0,0,0,
C:\Users\Obie\Documents\Visual Studio 2017\Projects\Design Tests\Design Tests\UIMenu.cpp,"UIMenu::UIMenu(Vector2D position, int width, int height, string texturePath)",20,14,10,2,6,0,0,0,
C:\Users\Obie\Documents\Visual Studio 2017\Projects\Design Tests\Design Tests\UIMenu.cpp,UIMenu::~UIMenu(),2,2,2,0,0,0,0,0,
C:\Users\Obie\Documents\Visual Studio 2017\Projects\Design Tests\Design Tests\UIMenu.cpp,UIMenu::setPosition(Vector2D position),20,14,10,2,6,0,0,0,
C:\Users\Obie\Documents\Visual Studio 2017\Projects\Design Tests\Design Tests\UIMenu.cpp,UIMenu::getPosition(),9,7,5,2,2,0,0,0,
C:\Users\Obie\Documents\Visual Studio 2017\Projects\Design Tests\Design Tests\UIMenu.cpp,UIMenu::setWidth(int width),20,17,9,4,3,0,0,0,
C:\Users\Obie\Documents\Visual Studio 2017\Projects\Design Tests\Design Tests\UIMenu.cpp,UIMenu::setHeight(int height),20,17,9,4,3,0,0,0,
C:\Users\Obie\Documents\Visual Studio 2017\Projects\Design Tests\Design Tests\UIMenu.cpp,UIMenu::setActive(bool active),14,11,7,2,3,0,0,0,
C:\Users\Obie\Documents\Visual Studio 2017\Projects\Design Tests\Design Tests\UIMenu.cpp,UIMenu::setVisible(bool visible),14,11,7,2,3,0,0,0,
C:\Users\Obie\Documents\Visual Studio 2017\Projects\Design Tests\Design Tests\UIMenu.cpp,UIMenu::getWidth(),9,7,5,2,2,0,0,0,
C:\Users\Obie\Documents\Visual Studio 2017\Projects\Design Tests\Design Tests\UIMenu.cpp,UIMenu::getHeight(),9,7,5,2,2,0,0,0,
C:\Users\Obie\Documents\Visual Studio 2017\Projects\Design Tests\Design Tests\UIMenu.cpp,UIMenu::update(float delta),9,7,5,1,2,0,0,0,
C:\Users\Obie\Documents\Visual Studio 2017\Projects\Design Tests\Design Tests\UIMenu.cpp,UIMenu::processMessage(IMessage *message),26,20,12,4,6,0,0,0,
C:\Users\Obie\Documents\Visual Studio 2017\Projects\Design Tests\Design Tests\UIMenu.cpp,"UIMenu::addItem(string itemName, UIComponent *item)",21,18,12,2,3,0,0,0,
C:\Users\Obie\Documents\Visual Studio 2017\Projects\Design Tests\Design Tests\UIMenu.cpp,UIMenu::removeItem(string itemName),13,11,7,2,2,0,0,0,
C:\Users\Obie\Documents\Visual Studio 2017\Projects\Design Tests\Design Tests\UIMenu.cpp,UIMenu::getItem(string itemName),14,11,7,3,3,0,0,0,
C:\Users\Obie\Documents\Visual Studio 2017\Projects\Design Tests\Design Tests\UIMenu.cpp,UIMenu::cleanUp(),21,17,11,3,4,0,0,0,
C:\Users\Obie\Documents\Visual Studio 2017\Projects\Design Tests\Design Tests\UIText.cpp,"UIText::UIText(int entityID, Vector2D position, string text, SDL_Color color, Font *font)",2,2,2,0,0,0,0,0,
C:\Users\Obie\Documents\Visual Studio 2017\Projects\Design Tests\Design Tests\UIText.cpp,UIText::~UIText(),2,1,1,0,1,0,0,0,
C:\Users\Obie\Documents\Visual Studio 2017\Projects\Design Tests\Design Tests\UIText.cpp,UIText::setFont(Font *font),7,6,4,1,1,0,0,0,
C:\Users\Obie\Documents\Visual Studio 2017\Projects\Design Tests\Design Tests\UIText.cpp,UIText::setWidth(int width),2,2,2,0,0,0,0,0,
C:\Users\Obie\Documents\Visual Studio 2017\Projects\Design Tests\Design Tests\UIText.cpp,UIText::setHeight(int height),2,1,1,0,1,0,0,0,
C:\Users\Obie\Documents\Visual Studio 2017\Projects\Design Tests\Design Tests\UIText.cpp,UIText::setPosition(Vector2D position),6,4,4,0,2,0,0,0,
C:\Users\Obie\Documents\Visual Studio 2017\Projects\Design Tests\Design Tests\UIText.cpp,UIText::setVisible(bool visible),9,7,5,1,2,0,0,0,
C:\Users\Obie\Documents\Visual Studio 2017\Projects\Design Tests\Design Tests\UIText.cpp,UIText::setText(string text),7,6,4,1,1,0,0,0,
C:\Users\Obie\Documents\Visual Studio 2017\Projects\Design Tests\Design Tests\UIText.cpp,UIText::setColor(SDL_Color color),7,6,4,1,1,0,0,0,
C:\Users\Obie\Documents\Visual Studio 2017\Projects\Design Tests\Design Tests\UIText.cpp,UIText::setWrapWidth(Uint32 wrapWidth),7,6,4,1,1,0,0,0,
C:\Users\Obie\Documents\Visual Studio 2017\Projects\Design Tests\Design Tests\UIText.cpp,UIText::update(float delta),2,1,1,0,1,0,0,0,
C:\Users\Obie\Documents\Visual Studio 2017\Projects\Design Tests\Design Tests\UIText.cpp,UIText::processMessage(IMessage *message),2,1,1,0,1,0,0,0,
C:\Users\Obie\Documents\Visual Studio 2017\Projects\Design Tests\Design Tests\UserInterfaceSystem.cpp,UserInterfaceSystem::~UserInterfaceSystem(),2,2,2,0,0,0,0,0,
C:\Users\Obie\Documents\Visual Studio 2017\Projects\Design Tests\Design Tests\UserInterfaceSystem.cpp,"UserInterfaceSystem::createUI(UIComponent::UI_TYPE type, int entityID, Vector2D position)",35,31,17,7,4,0,0,0,
C:\Users\Obie\Documents\Visual Studio 2017\Projects\Design Tests\Design Tests\UserInterfaceSystem.cpp,UserInterfaceSystem::getUI(int entityID),11,8,6,2,3,0,0,0,
C:\Users\Obie\Documents\Visual Studio 2017\Projects\Design Tests\Design Tests\UserInterfaceSystem.cpp,UserInterfaceSystem::update(float delta),8,7,5,1,1,0,0,0,
C:\Users\Obie\Documents\Visual Studio 2017\Projects\Design Tests\Design Tests\UserInterfaceSystem.cpp,UserInterfaceSystem::cleanUp(),15,12,8,2,3,0,0,0,
C:\Users\Obie\Documents\Visual Studio 2017\Projects\Design Tests\Design Tests\Vector2D.cpp,"Vector2D::Vector2D(float x, float y)",1,1,1,0,0,0,0,0,
C:\Users\Obie\Documents\Visual Studio 2017\Projects\Design Tests\Design Tests\Vector2D.cpp,Vector2D::~Vector2D(),1,1,1,0,0,0,0,0,
C:\Users\Obie\Documents\Visual Studio 2017\Projects\Design Tests\Design Tests\Vector2D.cpp,absoluteValue(Vector2D a),15,12,8,3,3,0,0,0,
C:\Users\Obie\Documents\Visual Studio 2017\Projects\Design Tests\Design Tests\VelocityComponent.cpp,VelocityComponent::VelocityComponent(),2,1,1,0,1,0,0,0,
C:\Users\Obie\Documents\Visual Studio 2017\Projects\Design Tests\Design Tests\VelocityComponent.cpp,VelocityComponent::~VelocityComponent(),2,1,1,0,1,0,0,0,
C:\Users\Obie\Documents\Visual Studio 2017\Projects\Design Tests\Design Tests\Window.cpp,"Window::Window(const char *title, int width, int height)",14,12,5,1,1,0,1,2,
C:\Users\Obie\Documents\Visual Studio 2017\Projects\Design Tests\Design Tests\Window.cpp,"Window::Window(std::string title, int width, int height, Uint32 flags)",14,13,5,1,1,0,0,0,
C:\Users\Obie\Documents\Visual Studio 2017\Projects\Design Tests\Design Tests\Window.cpp,Window::~Window(),2,2,2,1,0,0,0,0,
C:\Users\Obie\Documents\Visual Studio 2017\Projects\Design Tests\Design Tests\Window.cpp,Window::title(),2,2,2,1,0,0,0,0,
C:\Users\Obie\Documents\Visual Studio 2017\Projects\Design Tests\Design Tests\Window.cpp,Window::width(),6,4,5,1,2,0,0,0,
C:\Users\Obie\Documents\Visual Studio 2017\Projects\Design Tests\Design Tests\Window.cpp,Window::height(),6,4,5,1,2,0,0,0,
C:\Users\Obie\Documents\Visual Studio 2017\Projects\Design Tests\Design Tests\Window.cpp,Window::pixelFormat(),2,2,2,1,0,0,0,0,
C:\Users\Obie\Documents\Visual Studio 2017\Projects\Design Tests\Design Tests\Window.cpp,"Window::resize(int width, int height)",8,6,8,2,2,0,0,0,
C:\Users\Obie\Documents\Visual Studio 2017\Projects\Design Tests\Design Tests\Window.cpp,Window::setTitle(const char *title),2,2,2,1,0,0,0,0,
C:\Users\Obie\Documents\Visual Studio 2017\Projects\Design Tests\Design Tests\Window.cpp,Window::setFullscreen(),2,2,2,0,0,0,0,0,
C:\Users\Obie\Documents\Visual Studio 2017\Projects\Design Tests\Design Tests\Window.cpp,Window::setWindowed(),2,2,2,0,0,0,0,0,
C:\Users\Obie\Documents\Visual Studio 2017\Projects\Design Tests\Design Tests\World.cpp,World::World(std::string roomPath),13,12,6,1,1,0,0,0,
C:\Users\Obie\Documents\Visual Studio 2017\Projects\Design Tests\Design Tests\World.cpp,World::~World(),27,21,13,4,6,0,0,0,
C:\Users\Obie\Documents\Visual Studio 2017\Projects\Design Tests\Design Tests\World.cpp,World::getRoom(int index),9,7,5,2,2,0,0,0,
C:\Users\Obie\Documents\Visual Studio 2017\Projects\Design Tests\Design Tests\World.cpp,World::roomData(int roomType),11,8,6,2,3,0,0,0,
C:\Users\Obie\Documents\Visual Studio 2017\Projects\Design Tests\Design Tests\World.cpp,World::dungeon(),45,35,23,6,10,0,0,0,
C:\Users\Obie\Documents\Visual Studio 2017\Projects\Design Tests\Design Tests\World.cpp,World::clear(),19,14,10,2,5,0,0,0,
C:\Users\Obie\Documents\Visual Studio 2017\Projects\Design Tests\Design Tests\World.cpp,World::renderRooms(),104,29,13,10,5,0,70,220,
C:\Users\Obie\Documents\Visual Studio 2017\Projects\Design Tests\Design Tests\World.cpp,World::loadData(std::string roomPath),27,24,12,4,3,0,0,0,
C:\Users\Obie\Documents\Visual Studio 2017\Projects\Design Tests\Design Tests\World.cpp,World::loadTiles(),407,334,194,50,71,0,2,5,
C:\Users\Obie\Documents\Visual Studio 2017\Projects\Design Tests\Design Tests\World.cpp,World::generateHallways(),167,148,82,25,18,0,1,7,
C:\Users\Obie\Documents\Visual Studio 2017\Projects\Design Tests\Design Tests\World.cpp,World::createDungeon(),84,65,51,7,19,0,0,0,
C:\Users\Obie\Documents\Visual Studio 2017\Projects\Design Tests\Design Tests\World.cpp,"World::validateRooms(Room *room, int &roomsVisited)",27,23,13,5,4,0,0,0,
C:\Users\Obie\Documents\Visual Studio 2017\Projects\Design Tests\Design Tests\World.cpp,"World::generateRooms(Room *room, int maxX, int maxY)",399,316,191,58,68,0,15,87,
C:\Users\Obie\Documents\Visual Studio 2017\Projects\Design Tests\Design Tests\World.cpp,"World::isDoorValid(Door *doorA, Room *roomA, Door *doorB, Room *roomB)",48,45,21,10,3,0,0,0,
